country,type,1998,1999,2000,2001,2002,2003,2004,2005,2006,2007,2008,2009,2010,2011,2012,2013,2014,2015,2016,2017,2018,2019,2020
Argentina,Bulk,,,,,,,,33404018.0,31033850.0,25650676.0,28123181.0,30036717.0,25791563.0,24253018.0,34210844.0,28168352.0,20295701.0,41302995.0,36851000.0,3943999.0,3726980.0,2488250.0,
Argentina,Copper,,,,191600.0,203700.0,,,187363.888,180106.41,180227.368,156882.481,143093.273,140311.24,116724.437,135714.837,109587.917,102572.355,61809.52,81888.543,33300.0,17400.0,,
Argentina,Gold,,,,432457.544,648673.537,972979.405,972979.467,5485999.237,973015.499,972998.493,972993.512,4267173.634,9927131.799,8662084.814,11558729.878,6492017.687,39586877.242,39412223.695,39551068.787,32241401.01,34318967.545,4.469,
Argentina,Lead,,,,,,,,,,,,,,,,,,,,,1409.311,10866.712,
Argentina,Silver,,,,,,,,59.245,76.774,77.788,76.97800000000001,211.987,156.79999999999998,333.055,400.197,386.852,521.3199999999999,709.467,508.925,461.344,502.31,512.943,
Argentina,Zinc,,,,,,,,,,,,,,4591.262,5067.08,12263.777,13612.307,4287.355,,,3980.273,3806.547,
Australia,Bauxite,,,,11326000.0,11241000.0,11898000.0,12649000.0,15474000.0,16139000.0,18209000.0,26251000.0,23420000.0,25781000.0,27978000.0,63001000.0,65770000.0,64194000.0,66860000.0,70918000.0,75299000.0,76477000.0,34700000.0,
Australia,Bulk,,,1618000.0,1861000.0,2240000.0,2393000.0,3061378.0,128081292.0,120363492.0,126135038.0,14009131.0,23583191.0,21303027.0,27258923.0,132081997.0,136551925.0,89396691.0,48961814.0,70366741.0,63842607.0,61638082.0,16697816.0,2711432.0
Australia,Cobalt,,,,,,,,,,,,,1900.0,1900.0,2700.0,2700.0,2700.0,2800.0,2800.0,2700.0,2900.0,3400.0,
Australia,Copper,,,30257.0,81210.0,15723488.0,15282705.0,16699976.0,17486752.0,22877856.0,23527194.0,21747826.0,18114267.962,19314137.076,20217703.874,4044300.052,4754605.096,4110651.874,2393064.7970000003,4195659.612,3551544.39,3772234.678,3242544.818,1712270.421
Australia,Diamonds,,,,5.23,6.726999999999999,6.194,4.124,6.095,5.816,3.749,3.015,2.118,1.961,1.488,1.694,2.272,1.838,2.694,2.792,3.427,2.814,,
Australia,Gold,9.949,18.81,65.381,12800852.151,26687162.623,25120127.9,22373085.719,23282829.18,6504354.966,22620639.318,23050237.131,25767413.212,71080595.866,72290390.331,62488244.27,71011148.256,93777091.044,95152678.772,101773875.44,100481114.668,97704024.168,80647081.721,38822493.119
Australia,Ilminite,,,360000.0,1544900.0,1499800.0,1485247.0,1483493.0,1726809.0,1885563.0,1842959.0,1336100.0,1069800.0,701600.0,825500.0,459400.0,394900.0,270600.0,321000.0,326200.0,390500.0,340600.0,259400.0,
Australia,Iron,,,64968589.0,169353177.0,176367412.0,195084059.0,216001647.0,252284118.0,260602294.0,275859941.0,310907941.0,368020000.0,410560352.0,432067412.0,499933272.0,573094177.0,685141676.0,766286130.0,786184235.0,810380293.0,812782529.0,488556001.0,220813000.0
Australia,Lead,,,200480.0,210872.0,427704.0,410128.0,439426.0,498063.0,458097.0,412112.0,494704.0,443187.0,450007.0,444221.0,518275.0,543466.0,535563.0,543675.0,394415.0,346955.0,350224.76,346516.102,3326.874
Australia,Leucoxene,,,,12550.0,11320.0,13702.0,30239.0,24490.0,23537.0,23353.0,16400.0,14300.0,,,,,,,,,,,
Australia,Lithium,,,,,,,,,,,,,,655572.542,460483.949,0.0,0.0,0.0,,2275745.669,5896841.773,2288584.382,31000.0
Australia,Nickel,,,,,43600.0,49400.0,43700.0,38100.0,,,270600.0,701000.0,576700.0,1475600.0,2924674.0,3197103.0,3200845.0,2398167.0,2568924.0,2262937.0,201183.2,191709.6,
Australia,Nickel Concentrate,,,,,11000000.0,11200000.0,11200000.0,,,,,,,,,,,,,,,,
Australia,Oxide,,,,,,,,,,,,,,,2061000.0,3559.0,,,,,,,
Australia,Rutile,,,28000.0,116062.0,120260.0,103713.0,118109.0,177842.0,198133.0,318970.0,166100.0,159100.0,254600.0,319300.0,220300.0,127000.0,177200.0,136500.0,108800.0,134500.0,41700.0,46800.0,
Australia,Silver,,,840.96,900.664,1349.22,1267.7430000000002,1704.95,422131.823,2758208.754,2535272.812,2707378.393,503087.931,594553.052,676461.386,719492.368,719342.72,720602.294,697513.975,200269.2,989.722,869.748,788.81,10.993
Australia,Sulphide,,,,,,,,,,,,,,,28000.0,,,,,,,,
Australia,Tentalum,,,,,,,,,,,,,,15.312,,,,,,,,,
Australia,Tin,,,,,,,,,153241.0,253447.0,233635.0,506895.0,600479.857,484168.0,540394.0,606672.0,641292.0,652006.0,690638.0,759524.0,809088.0,805104.0,856090.0
Australia,Triuranium,,,,4211.0,4486.0,5134.0,5143.0,5903.0,8640.0,8798.927,9484.143,9223.312,6186.245,6571.963,7651.630999999999,7061.6900000000005,5153.279,5149.332,6713.516,5954.362999999999,6616.582,5097.6,
Australia,Zinc,,,61754.0,76122.0,4953096.0,5046040.0,5177181.0,6632578.0,6894883.0,7522618.0,8921140.0,10128403.0,11986623.0,12093850.0,1338246.0,1302971.0,1344759.0,1402628.0,624519.0,618041.0,826455.26,690879.768,10057.356
Australia,Zircon,,,74000.0,315800.0,337376.0,381131.0,370792.0,389474.0,434628.0,436358.0,338700.0,281500.0,391300.0,605300.0,293800.0,245500.0,332500.0,351300.0,347000.0,293700.0,327900.0,313700.0,
Bolivia,Bulk,,,,,,,49122.0,18380.0,53851.0,87216.0,98517.0,175796.0,285772.0,297895.0,322105.0,335789.0,332632.0,348421.0,356842.0,345263.0,350526.0,368105.0,
Bolivia,Copper,,,,,,,96.364,18.182,94.545,104.211,160.0,422.105,538.947,631.579,,,,,578.947,663.158,1073.684,894.737,
Bolivia,Gold,,,,,,,,,,,,,,,,,,,,0.015,0.015,0.014,
Bolivia,Lead,,,,,,,,,,,,,,,421.053,589.474,536.842,884.211,621.053,494.737,821.053,442.105,
Bolivia,Silver,,,,,,,16.107,4.167,13.613,18.437,458709.048,1378027.629,1365416.211,1422131.53,1340458.826,1524236.292,1587360.241,1554381.522,1512395.827,1369835.371,105.574,105.097,
Bolivia,Zinc,,,,,,,2385.455,607.273,1463.636,1790.526,2093.684,2950.526,4906.316,5052.632,5157.895,6526.316,6147.368,7178.947,5357.895,4589.474,7863.158,6326.316,
Bosnia and Herzegovina,Iron,,,,,,,,,,,,,,3792500.0,4196000.0,4107500.0,4207500.0,3907500.0,3335000.0,3080000.0,2670000.0,2670000.0,
Brazil,Bauxite,,,,,,,,,,1900000.0,22463000.0,21845000.0,25535000.0,27224000.0,29312000.0,28029000.0,31176000.0,31262000.0,32962000.0,31998000.0,25434000.0,13700000.0,
Brazil,Bulk,,,,,,,,,877197.0,18651162.0,14521140.0,16998887.0,21482527.0,21482527.0,22084779.0,21833258.0,18828710.0,19959943.0,17223764.0,34163445.0,34326918.0,468732.0,
Brazil,Copper,,,,,,,73000.0,107000.0,119041.166,173746.502,189185.417,182317.301,184766.7,184341.693,191311.011,243057.727,34017554.581,57471420.6,70287389.919,74303742.309,66976491.134,60464810.0,
Brazil,Gold,,,0.687,1800017.254,1800017.928,20732387.933,19027024.127,19310840.849,24081754.806,32120400.002,32854102.815,47165981.561,51130195.415,50714908.221,61776685.906,61847326.201,59030400.002,53331260.227,53285579.603,34177619.72,54103464.687,2298648.929,
Brazil,Iron,,,211038000.0,138060000.0,195116000.0,223186000.0,248651000.0,269884000.0,295088000.0,334777000.0,336988000.0,280144000.0,332225000.0,362066600.0,355668700.0,346014000.0,382193475.0,411463040.0,406808385.0,396071480.0,415209430.0,262168795.0,
Brazil,Manganese,,,1700000.0,1700000.0,2184000.0,2062000.0,2577000.0,2925000.0,2254000.0,1322000.0,2349000.0,1651000.0,1834000.0,2467000.0,2390000.0,2361000.0,2396000.0,2441000.0,2349000.0,2192000.0,1798000.0,1614000.0,
Brazil,Nickel,,,,10200.0,6300.0,513000.0,409500.0,538200.0,497400.0,549200.0,507500.0,557200.0,1785698.7,3036867.6,3887432.5,2304296.4,3937940.2,4028311.2,4426884.0,7307862.0,4717900.0,4483994.0,4244600.0
Brazil,Niobium,,,,,,562400.0,571600.0,727100.0,800100.0,857200.0,772700.0,911800.0,1213400.0,,,,,,,,,,
Brazil,Phosphate,,,,,,,,,,1037800.0,982100.0,,4464000.0,4815000.0,4772000.0,4730000.0,,,,,,,
Brazil,Potash,,,,,,,,641000.0,731000.0,671000.0,607000.0,717000.0,662000.0,625000.0,549000.0,492000.0,,,,,,,
Brazil,Silver,,,,,,,,,,,,,,7.875,8.688,10.141,9.235,8.538,8.069,,,,
Brazil,Sodium,,,,,,,,,,56700.0,10200.0,,,,,,,,,,,,
Canada,Bulk,,,4940888.0,13333249.0,13843129.0,12559580.0,13141650.0,11775811.0,16081080.0,16856463.0,18211211.0,12144919.0,15056796.0,18884317.0,15186410.0,19866326.0,18945952.0,37637507.0,38618390.0,38440954.0,34514884.0,37279725.0,
Canada,Cobalt,,,,,,,,,,,,,,,600.0,700.0,800.0,800.0,1000.0,800.0,900.0,700.0,
Canada,Copper,,,85212354.202,79212368.731,76302068.119,67778760.368,66139522.1,50979735.8,45864393.6,43089475.702,465683.859,348780.10599999997,42846200.926,42661368.433,45749746.667,45289542.779,50373160.99,47712680.372,49954731.312,52666541.787,52220872.488,230303.563,
Canada,Diamonds,,,,,0.912,1.852,2.886,2.558,2.606,3.195,2.682,1.918,2.0620000000000003,1.961,1.892,1.449,1.447,1.281,1.332,1.497,1.453,,
Canada,Gold,,,311681.005,521465.812,3123430.253,11742777.973,18807785.055,9874965.878,22663945.853,26734677.626,7143115.28,9258366.304,9990122.018,9631363.387,7235692.438,7858588.89,9107336.744,10400946.879,10470161.379,10253474.758,10934426.257,3998187.047,4388003.182
Canada,Iron,,,,14562000.0,12758000.0,14225000.0,11139000.0,15647000.0,16080000.0,13229000.0,15830000.0,13844000.0,14710000.0,66572000.0,70755000.0,85668000.0,96720000.0,105226000.0,103005000.0,102261000.0,101870000.0,106226048.0,26065456.8
Canada,Lead,,,,,,,,,79000.0,70000.0,70000.0,66000.0,60000.0,57000.0,50900.0,13500.0,,,,,939.849,7509.498,
Canada,Molybdenum,,,,,2449.399,3311.224,4853.438,2857.632,1859.729,1859.729,1905.088,2993.71,3129.787,3583.38,4535.924,2766.913,2358.68,1542.214,2449.399,4218.409,3946.254,,
Canada,Nickel,,,,2116662.8,2016533.9,2160969.5,2493303.2,2611752.5,3412708.5,3742323.2,3478096.0,2401657.8,2324993.2,2140258.3,2013866.1,2020777.5,1959033.3,1955998.6,1886862.7,1773823.1,1216856.9,1043112.2,
Canada,Palladium,,,,,,,,,,,,,,,,,4.634,4.883,5.381,4.23,3.701,3.484,
Canada,Platinum,,,,,,,,,,,,,,,,,2.55,2.364,2.799,2.333,1.804,1.586,
Canada,Rhodium,,,,,,,,,,,,,,,,,0.124,0.156,0.187,0.187,0.124,0.124,
Canada,Silver,,,106.991,172.461,209.808,212.213,214.646,136.957,359.5,335.907,317.719,299.425,277.257,254.615,229.713,242.03,171.32600000000002,187.728,203.181,213.969,197.723,207.316,
Canada,Zinc,,,67588.515,118615.077,103459.392,92505.198,101198.4,76545.0,3754183.0,3723577.0,3587055.0,2864886.0,2921744.0,3091194.0,427637.0,327606.199,260418.518,244257.882,258725.72,285396.566,235381.73,265793.166,
Chile,Bulk,,,511035.0,132596.0,314428.0,451015.0,442003.0,366232.0,388595.0,351429.0,1771216.0,2033362.0,11748263.0,28704024.0,73782330.0,101534767.0,86319610.0,99349152.0,88130987.0,140365216.0,126549066.0,1976355.0,
Chile,Copper,,,236948557.037,275636569.964,256876227.786,363462799.099,205862009.139,185731301.463,204972927.197,237686370.748,234658742.004,228996817.245,296397365.405,254469925.025,271897491.344,294686889.163,280067827.906,301049692.928,319112155.321,235366740.48,238295050.474,234407976.627,8096400.0
Chile,Gold,,,1.216,3.371,4.851,4644013.596,3769013.707,9250014.1,17583017.113,18107016.338,17321024.467,18263025.283,18914026.603,17531036.792,21401039.71,18236041.201,16900035.993,12261032.029,6059033.432,30.652,31.213,20.229,
Chile,Iron,,,,,,,,,,,,,,10563000.0,10336000.0,10750000.0,13613000.0,13945000.0,13804000.0,13078000.0,11064000.0,5813000.0,
Chile,Molybdenum,,,24944.0,24238.0,27701.0,31873.0,40371.377,44785.858,37112.433000000005,38118.749,28124.151,29235.028,30664.218999999997,23435.454,31877.0,32039.0,38527.0,37784.0,47765.391,55368.248,49741.916,11600.0,
Chile,Oxide,,,,,,13739000.0,13493000.0,13974000.0,14036100.0,13868600.0,14251700.0,14037600.0,13604100.0,906800.0,2733600.0,10385200.0,10312800.0,6605300.0,,,,,
Chile,Silver,,,28.236,93.113,172.584,529.295,532.578,425.92,550.796,741.037,705.305,643.1659999999999,615.305,944.45,761.353,639.654,1071.745,453.46,420.74,952.254,1026.346,186.657,
Chile,Sulphide,,,,,,7288000.0,6790000.0,5950000.0,6008400.0,5394700.0,5623800.0,5749100.0,5314900.0,32535900.0,17293800.0,4329600.0,4402400.0,2835500.0,,49339600.0,59207400.0,39211300.0,65915300.0
China,Bauxite,,,,,1648000.0,2114000.0,2351500.0,2864000.0,,,6885000.0,10656800.0,12730000.0,13564600.0,17265400.0,19003000.0,17092000.0,17857800.0,14493000.0,16983000.0,17091000.0,14441000.0,
China,Copper,,,,,,577.0,3087.0,19869.0,39968.0,45550.0,57325.66,76062.77,75883.7,78790.31,98001.02,118970.0,133477.0,143595.0,147931.0,175154.0,176116.0,,
China,Gold,,,,,,10.629,12.738,15.022,18.21,20.681,23.556,22.991,22.773000000000003,20.6,21.266,17.035,19.148,18.641,18.128,14.776,6.352,,
China,Iron,,,,,,,,,,,,,,,,,,,,,3674819.0,,
China,Lead,,,,,,,,,1272.0,,,,,,,,,,,28425.0,26585.0,,
China,Manganese,,,,,,,,,,,,,,,1926790.0,1963905.0,2406058.0,1592866.0,2187495.0,2383579.0,2510310.0,2422684.0,
China,Silver,,,,,,,,,33.586,,53.298,50.987,78.611,101.014,120.592,121.592,118.592,126.592,123.592,128.803,101.636,,
China,Zinc,,,,,,,,,26456.0,38556.0,23844.91,29274.61,34319.22,32919.88,34037.759999999995,70007.0,93861.0,144285.0,173914.0,174717.0,176987.0,,
Colombia,Nickel,,,,31831.832,40440.44,46946.947,49149.149,51351.351,51551.552,51051.051,41841.842,50550.551,49649.65,40040.04,48948.949,50850.851,44344.344,40440.44,36836.837,36536.537,3793517.573,2325776.296,
Cote d'Ivoire,Bulk,,,,,,,,,,,,,,,21800000.0,1896000.0,1974000.0,4990000.0,1519000.0,2035000.0,,,
Cote d'Ivoire,Gold,,,,,,,,,,,,,,1.728,2.865,2.81,2.954,3.732,4.292,3.981,1019285.573,1650755.483,1987560.675
Cote d'Ivoire,Silver,,,,,,,,,,,,,,,,,,0.591,0.56,0.467,0.544,,
Cuba,Cobalt,,,2854.0,2942.0,3065.0,3141.0,3325.0,3391.0,3311.0,3573.0,3428.0,3721.0,3706.0,3854.0,3792.0,3210.0,3210.0,3733.0,3693.0,3601.0,3234.0,3376.0,
Cuba,Laterite,,,,,,,,,,,,,3600000.0,3590000.0,3400000.0,3200000.0,3540000.0,3470000.0,3180000.0,3440000.0,4210000.0,4550000.0,
Cuba,Nickel,,,28070.0,29226.0,31694.0,31106.0,31788.0,31878.0,30212.0,31392.0,32408.0,33599.0,33972.0,34572.0,34263.0,32909.0,32909.0,33705.0,32927.0,31523.0,30708.0,33108.0,
DR Congo,Bulk,,,,,,,,,,473090.0,601505.0,6704704.0,9747172.0,11264740.0,12806000.0,13231000.0,13073000.0,12657000.0,,,1143700.0,1418188.0,
DR Congo,Cobalt,,,,,,,,,,132.0,565.0,720.0,25105.0,25160.0,25304.0,31796.0,34419.0,39758.0,27891.0,28538.0,43152.0,47270.0,
DR Congo,Copper,,,,,,,,,,3740073.0,6611944.0,172732.0,270249.0,988021.0,2174757.0,4576081.0,4165969.0,3984843.0,3648591.0,2929587.0,4362789.0,1162672.0,
DR Congo,Gold,,,,,,,,,,,,,,,,888891.52,5555570.931,6888907.207,7333349.632,7555572.884,8222244.869,,
DR Congo,Oxide,,,,,1195000.0,711000.0,669000.0,981000.0,520000.0,352000.0,140000.0,0.0,327000.0,,,,,,,,,,
DR Congo,Sulphide,,,,,,,,,,,,8068000.0,5425000.0,,,,,,,,,,
Dominican Republic,Gold,,,,,,,,,,,,,,,,4429275.284,6711701.473,6916696.652,7545036.287,7985033.695,8346697.119,,
Dominican Republic,Nickel,,,,,,,,,4129700.0,4129100.0,2718800.0,0.0,0.0,1113500.0,15200.0,9400.0,,,,,,,
Egypt,Gold,,,,,,,,,,,,,,,,,,,11968017.137,17235016.939,24374014.692,,
Finland,Bulk,,,,,,,,,,,,960365.0,960365.0,1030764.0,4228365.0,8630224.0,9244400.0,10241038.0,11235732.0,11664626.0,11442335.0,1590902.0,
Finland,Cobalt,,,,,,,,,,,,,,,,,,,,587.0,869.0,,
Finland,Copper,,,,,,,,,,,,,,,8094.0,29629.0,31839.0,41085.0,47488.0,53144.0,46755.0,,
Finland,Gold,,,,,,,,,,,,2.033,3.572,4.063,5.129,4.476,4.3740000000000006,5.805,6.679,6.894000000000001,6.583,5.267,
Finland,Nickel,,,,,,,,,,,,,,,3875.0,8963.0,9433.0,8805.0,11099.0,13777.0,14466.0,,
Finland,Palladium,,,,,,,,,,,,,,,0.345,0.697,0.736,0.713,0.853,1.021,1.157,,
Finland,Platinum,,,,,,,,,,,,,,,0.391,0.86,0.965,0.903,1.116,1.418,1.576,,
Finland,Silver,,,,,,,,,,,,,,,,0.17,0.198,0.312,0.34,0.369,0.369,0.369,
Finland,Zinc,,,,,,,,,,,,,,,,21679.0,19762.0,23520.0,23277.0,19079.0,23727.0,,
Gabon,Manganese,,,,,,,,,,,,,,,551646.0,635539.0,695596.0,375508.0,0.0,1206840.0,1570756.0,1910165.0,
Ghana,Bauxite,,,,,,,,,,,440000.0,796000.0,,,,,,,,,,,
Ghana,Gold,,,,,,,10330820.072,10864726.148,12020344.309,17206085.076,20201436.535,18416501.65,18430304.431,24374388.676,28868556.335,34316675.899,39718563.32,30811810.357,27945129.748,29990944.983,35445111.205,26455632.162,5631712.338
Ghana,Oxide,,,,,,,,,,,,,,,2444000.0,836887.0,47792.0,,,,,,
Guatemala,Bulk,,,,,,,,116000.0,1088800.0,1772600.0,1845000.0,2161000.0,1599700.0,1685600.0,1936300.0,1941900.0,1933900.0,1310000.0,1006000.0,,,,
Guatemala,Gold,,,,,,,,0.743,5.007,7.066,7.508,8.549,9.209,11.893,6.447,6.288,5.8,5.588,3.88,0.122,,,
Guatemala,Lead,,,,,,,,,,,,,,,,,,10500.0,10300.0,4300.0,,,
Guatemala,Silver,,,,,,,,4.808,49.71,88.24,99.912,129.267,194.661,273.03,204.66,219.103,226.878,806.567,779.762,274.991,,,
Guatemala,Zinc,,,,,,,,,,,,,,,,,,17500.0,17400.0,7200.0,,,
Guinea,Bauxite,,,,11987000.0,12041000.0,12060000.0,,,,,18381000.0,15616000.0,17106000.0,17440000.0,17823000.0,18763000.0,19182000.0,18114000.0,19561000.0,18533000.0,18050000.0,7205000.0,
Guinea,Gold,,,,,,,4586404.151,6823537.205,8235302.538,9764715.339,10117658.106,10352951.539,10352950.105,11411773.305,11882361.238,12000008.938,11882362.672,11764714.505,12117655.638,11647069.806,10470596.071,,
Guyana,Bauxite,,,,,,,,,,,1777778.0,1333333.0,823000.0,1328000.0,1566000.0,1358000.0,1237000.0,1176000.0,1094000.0,1044000.0,1394000.0,1412000.0,
Guyana,Gold,,,,,,,,,,,,,,,,,,,356773.08,783292.748,996531.183,811665.807,371531.733
Honduras,Gold,,,,,,,,7796255.8,9189283.545,2608052.603,2827495.485,,,,,,,,,,,,
India,Alumina,,,,,,,,,290331.563,469440.72,541728.0549999999,402848.384,364003.056,490387.928,682140.5700000001,425024.473,221440.695,402812.28,484834.735,529397.22,521127.8,211134.0,
India,Bauxite,,,,,,,,,631122.0,997445.0,5833718.0,5571699.0,5665317.0,5894624.0,6508080.0,6355398.0,6764832.0,6599830.0,7373897.0,7963470.0,8196349.0,7692546.0,
India,Bulk,,,,,,,,,4795124.0,5139915.0,5783099.0,6680698.0,7101872.0,7539999.0,8041881.0,8621863.0,9290233.0,9362659.0,10452949.0,11881240.0,12614866.0,13785170.0,
India,Iron,,,,,,,,,,,,,,,10700000.0,2800000.0,1500000.0,600000.0,5000000.0,9900000.0,6000000.0,4360000.0,
India,Lead,,,,,,,,,60332.144,67586.192,77969.848,85739.23,86115.159,91471.622,86883.58799999999,97807.084,104957.476,108378.688,125868.512,145698.272,174373.0,207190.0,
India,Zinc,,,,,,,,,469692.87,506224.272,549744.341,679861.477,679940.996,772439.239,731105.546,773494.584,781804.771,803294.48,706341.366,789131.4079999999,773010.0,728498.0,
Indonesia,Bauxite,,,1150776.0,1237006.0,1283485.0,1262705.0,1330827.0,1441899.0,1501937.0,1251147.0,1152322.0,783097.0,104692.0,32748.0,194190.0,947721.0,417292.0,201517.0,241202.0,705322.0,1102385.0,1726734.0,
Indonesia,Bulk,,,,,,,,15000000.0,7658747.0,1049470.0,277428.0,622100.0,602563.0,325035.0,7753409.0,7877243.0,1116845.0,716000.0,416000.0,564000.0,679000.0,,
Indonesia,Copper,,,742394.632,723116.956,834156.368,967512.526,808301.604,1025889.863,786982.762,743211.098,630493.3940000001,951591.433,835517.146,528435.111,386460.699,493962.091,366049.04299999995,565176.093,706969.068,577150.932,2195553.906,351210.655,
Indonesia,Gold,,,81.24799999999999,124.087,111.018,125.153,79.824,130.868,75.43,26801515.249,69212163.075,110732951.86,25555922.43,6707000.729,1223859.578,27311304.04,63438734.244,91859515.498,66.945,3313823.715,10996455.267,13300049.961,6100009.072
Indonesia,Nickel,,,,,,3965318.1,4430475.0,5153787.6,5246705.5,5368519.5,4773115.7,3670679.6,4259520.0,3923036.0,6056157.6,6985654.0,4478380.9,4787410.6,4798864.4,4688250.1,4600752.0,5448449.4,
Indonesia,Silver,,,,120.68,139.318,140.894,,2.27,10.897,10.88,2.139,9.466,4.463,7.106,24.894,27.497,2.021,13.717,9.051,12.504,13.266,11.589,
Ireland,Bulk,,,2167000.0,1968000.0,755000.0,4070000.0,4638290.0,4722058.0,4962338.0,4696144.0,4467760.0,4215403.0,4320681.0,3099712.0,4066237.0,4137537.0,3688741.0,3572069.0,3452618.0,2311000.0,2200000.0,,
Ireland,Lead,,,35129.0,27420.0,8280.0,50302.0,63792.0,63737.0,61936.0,56798.0,50255.0,51823.0,45139.584,43895.788,52690.782,45381.945,43124.237,35941.575,28729.825,17000.0,17000.0,,
Ireland,Silver,,,,,,,,,3.723,3.659,3.796,3.678,1.344,0.909,1.673,1.197,2.433,1.273,1.076,1.344,1.16,,
Ireland,Zinc,,,151980.0,146197.0,49061.0,357667.0,438299.0,429464.0,425756.0,400898.0,398158.0,389350.0,365333.08,266679.377,348818.635,335460.657,301015.16500000004,263377.167,219996.629,131000.0,132000.0,,
Jamaica,Bauxite,,,,,,,,,,,9116625.0,569065.0,939785.0,1980645.0,3748387.0,3318280.0,1903000.0,2039000.0,2054000.0,1954000.0,1791000.0,1856000.0,
Kazakhstan,Bulk,,,,,,,,,,3801000.0,4252000.0,3902000.0,3934000.0,4030000.0,3916000.0,3515000.0,2906000.0,2706000.0,2569000.0,1067000.0,1087000.0,969000.0,
Kazakhstan,Copper,,,,,,,,,,30657621.5,31763598.8,28932265.6,29354179.7,29779732.1,33946602.2,36105646.4,28780401.5,8522089.3,29635532.1,34895788.6,31048740.7,70838.0,
Kazakhstan,Gold,,,,,,,,,,7.574,7.576,4.216,15.492,17.494,7.249,46.706,20.639,17.192,19.261999999999997,21.549,23.596,19.72,
Kazakhstan,Iron,,,,,,,,,,,,,,2300000.0,2317250.0,2185000.0,2070000.0,1610000.0,1437500.0,1430000.0,1430000.0,1540000.0,
Kazakhstan,Lead,,,,,,,,,,,,,33100.0,35600.0,26800.0,29800.0,25700.0,26300.0,59200.0,57600.0,55600.0,34400.0,
Kazakhstan,Oxide,,,,,,,,,,,,,,,,,,3003000.0,15989000.0,13040000.0,16104000.0,,
Kazakhstan,Silver,,,,,,,,,,618.27,653.212,559.971,735.465,653.721,686.547,511.037,548.266,226.676,272.137,211.473,240.306,144.258,
Kazakhstan,Sulphide,,,,,,,,,,,,,,,,,,,97000.0,13208000.0,25807000.0,,
Kazakhstan,Zinc,,,,,,,,,,198939.1,217617.5,164554.1,446369.1,424488.7,786994.2,401258.1,387501.1,303880.9,283629.8,210500.0,201200.0,172500.0,
Kyrgyzstan,Copper,,,,,,,,,,,,,,,,,426007.77,452081.0,943296.0,929000.4,944579.9,,
Kyrgyzstan,Gold,,,,,,,,,,,,,,,,,,0.545,1.397,2.7089999999999996,4.472,,
Kyrgyzstan,Silver,,,,,,,,,,,,,,,,,,3.644,9.262,7.745,7.527,,
Laos,Bulk,,,,,,,,,,,,,,,3778465.0,3589858.0,1788282.0,,,,,,
Laos,Copper,,,,,,,,,,,,,2603016.0,1883492.0,86295.0,90030.0,88541.0,1937081.0,3046483.0,1398883.0,,,
Laos,Gold,,,,,,,,,,,,,1915176.959,1567434.108,1.989,1.021,0.01,,,,,,
Laos,Silver,,,,,,,,,,,,,,,1.01,2.317,0.02,,,,,,
Liberia,Iron,,,,,,,,,,,,,,2186500.0,5250000.0,6360000.0,7391000.0,6837000.0,3239000.0,3100000.0,7452000.0,7028000.0,
Madagascar,Cobalt,,,,,,,,,,,,,,,492.5,2082.5,2915.0,3464.0,3273.0,3053.0,2852.0,2900.0,
Madagascar,Nickel,,,,,,,,,,,,,,,5695.0,25148.0,37053.0,47271.0,42105.0,35474.0,33185.0,33733.333,
Malaysia,Gold,,,,,,,,,,,,,,,1.591,1.037,1.413,1.025,0.071,0.872,0.826,0.826,
Mali,Gold,,,,9263194.764,10500050.999,10750041.536,11513192.314,12000038.048,12236880.839,11460557.707,11210555.559,11146366.353,11640263.144,12128066.439,11884160.711,10878060.9,10621960.775,8121959.244,8628055.399,10621957.34,10121957.206,,
Mauritania,Copper,,,,,,,,,334.0,35101.0,38401.0,36608.0,36969.0,35281.0,37670.0,37970.0,33079.0,45001.0,32818.0,28791.0,28137.0,,
Mauritania,Gold,,,,,,,,,,1.533,1.752,2.642,2197003.362,11836006.44,23578005.28,26885006.231,16647006.404,5195006.803,7973005.599,6685008.026,8206008.286,,
Mauritania,Sulphide,,,,,,,,,400000.0,2325000.0,3184000.0,2287000.0,2796000.0,2691000.0,3062000.0,2847000.0,3057000.0,4015000.0,3898000.0,3389000.0,3684000.0,,
Mexico,Bulk,,,,,50662.0,99115.0,171155.0,62932254.0,45495443.0,50037707.0,42379518.0,46593952.0,111110662.0,114062427.0,131697790.0,116405631.0,129424130.0,138974758.0,174877867.0,218422393.0,214926733.0,128947612.0,
Mexico,Copper,,,,,,,,332192.79000000004,243641.98,248864.762,153651.394,149338.24099999998,161706.198,311862.191,351015.21900000004,334468.059,384423.971,444911.643,609109.091,594561.8130000001,577223.6680000001,604782.395,
Mexico,Gold,,,,,,,,2141411.183,2633615.898,2835016.493,24734328.752,27573829.682,30040643.712,28381052.287,31598960.916,29929258.562,24533560.389,18738171.838,55.56,56.584,51.193,14.943,
Mexico,Iron,,,,,,,,,,,,,,14915000.0,14627000.0,15155000.0,15495000.0,12450000.0,13595000.0,16950000.0,17655000.0,11865000.0,
Mexico,Lead,,,,,316.0,383.0,136.0,19561.51,19273.5,21519.981,42318.449,45498.009,88853.699,114453.125,119143.351,127591.086,125822.734,148182.731,130161.27,138470.26799999998,137415.38199999998,34160.955,
Mexico,Molybdenum,,,,,,,,4200.0,2500.0,6200.0,7300.0,9800.0,10400.0,10400.0,11000.0,11700.0,13020.0,10940.0,11480.0,13360.0,14720.0,16320.0,
Mexico,Oxide,,,,,,,,82081000.0,78787000.0,69215000.0,41018000.0,35093000.0,33323000.0,90858000.0,107043400.0,172456500.0,175825000.0,186342000.0,166186000.0,194342000.0,176017000.0,169553000.0,
Mexico,Silver,,,,,17.717,28.078,57.621,436.289,452.378,541.548,580.191,543.7909999999999,2175.136,2511.905,2660.759,2665.225,2894.602,2958.3759999999997,2755.892,3223.733,3250.195,1156.703,
Mexico,Sulphide,,,,,,,,,,,,,,32431900.0,37524600.0,50612200.0,37915500.0,39079000.0,46735000.0,,,,
Mexico,Zinc,,,,,333.0,433.0,122.0,143601.95,136560.97,125022.916,144391.769,147303.413,210565.547,256196.298,279322.99,266137.474,262058.404,299048.713,266406.71499999997,317220.191,328232.823,33244.676,
Mongolia,Copper,,,,,,,,,,,,,,,,,148400.0,202200.0,201300.0,157400.0,159100.0,,
Mongolia,Gold,,,,,,,,,,,,,,,,,16.689,18.524,8.505,3.24,8.091,,
Mongolia,Silver,,,,,,,,,,,,,,,,,25.316,34.671,40.256,27.612,25.911,,
Namibia,Gold,,,,1300002.466,1400002.41,1300002.07,1300001.899,1200002.296,1500002.438,1600002.268,1500001.928,1300001.843,1500002.438,1500001.871,1400002.098,1400001.786,1400001.871,,,,,,
Namibia,Triuranium,,,,2640.0,2751.0,2401.0,3582.0,3711.0,3617.0,3045.419,4066.909,4150.37,3628.285,2148.213,2698.875,2409.483,1542.668,1246.018,1849.75,2110.112,2478.882,,
Namibia,Zinc,,,,,,720400.0,1423200.0,1331800.0,1586400.0,1552400.0,1535800.0,1646300.0,1708661.849,381586.503,1835313.856,1819246.626,1367161.759,1450980.311,1325365.715,1291182.46,572826.003,1068610.71,
New Caledonia,Nickel,,,,,,,,,,,,,330270.6,1056454.7,1193973.3,1886696.0,2177329.6,2606210.1,2977260.7,3092041.0,2686552.0,2557123.0,
New Zealand,Gold,,,,,3892246.051,4263751.44,4297786.739,4648908.288,5678204.065,6967551.104,7615236.155,8188341.54,8018637.41,7911327.598,7827923.14,7979700.182,8110958.993,7395089.471,5651520.4,5546008.69,6748008.911,6889007.483,
New Zealand,Silver,,,,,0.209,0.207,0.225,0.202,0.236,,,,,,,,,,,,,,
Papua New Guinea,Bulk,,,,,,,,,,,,,,,21000000.0,21738000.0,21508000.0,,8954000.0,,,,
Papua New Guinea,Copper,,,,,211313.0,28789655.0,26484370.0,25543978.0,27755355.0,25940184.0,21693650.0,21514669.0,22247821.0,21472456.0,17898325.0,,16876000.0,11845000.0,16180000.0,20205000.0,18996000.0,18799000.0,
Papua New Guinea,Gold,,,,,15.833,15.202,15.365,16.264,15.568,14.116,411312.601,1708799.002,1981519.571,58.191,31300049.362,49213462.262,34595211.364,30828651.969,23585057.084,17409056.861,15472055.188,3396013.097,2963003.237
Papua New Guinea,Silver,,,,,32.324,33.321,36.091,,,,36.234,42.181,40.292,29.674,78.707,,16.84,69.12100000000001,83.54299999999999,9.891000000000002,1.773,,
Peru,Bulk,,,49650564.0,63496778.0,78464914.0,81860610.0,86473808.0,85822754.0,84460569.0,86175100.0,57816391.0,68148975.0,103909182.0,118870657.0,136892625.0,141368313.0,150385274.0,183257700.0,184306320.0,190610211.0,174213422.0,153781862.0,
Peru,Copper,,,61822178.049,69369879.686,76806643.432,73729315.561,944502.572,937179.246,11630133.399,12848916.745,8234072.502,8109619.884,8368525.808,8369267.573,1117350.696,1200623.671,1122735.43,1330951.728,48919462.059,54942565.679,59476671.547,1241458.421,
Peru,Gold,,,85.64500000000001,95.114,108.274,126.972,16746125.384,30234153.05,129.156,89445441.985,93411792.544,133368482.713,75945423.252,58254114.455,31348382.4,38048045.636,58655717.671,58924683.299,46190023.177,42246898.211,35927855.344,34695893.102,
Peru,IronS,,,,,,,,,,,,,,,668301.0,,,,,,,,
Peru,Lead,,,56477.678,37068.64,57104.275,55760.765,50337.0,51906.874,60333.537,64787.297,59799.095,158534.985,128953.818,137068.053,112210.897,112578.302,114086.375,129533.078,125343.921,123644.095,121747.127,81800.968,
Peru,Molybdenum,,,7203.954,8351.543000000001,9058.693,9548.573,14246.883000000002,17313.167,17192.506999999998,16849.244,16538.915,12301.943,16677.09,18995.499,16517.207000000002,18232.625,16495.652000000002,17470.953,24397.441,25295.248,27521.228,25026.179,
Peru,Oxide,,,,,,,,16693000.0,42868600.0,90521000.0,74286000.0,86703000.0,67113000.0,50671869.0,37884311.0,42114228.0,40076000.0,55183000.0,78485000.0,85048000.0,105248000.0,98213000.0,
Peru,Phosphate,,,,,,,,,,,,,791000.0,2544000.0,3209000.0,3546000.0,,,,,,,
Peru,Silver,,,550.866,648.7189999999999,823.319,862.1750000000001,750.419,998.642,1147.544,1055.541,1021.455,1831.637,1669.87,1784.594,1570.509,1766.067,1837.838,2219.743,2387.453,2257.983,2243.942,1336.872,
Peru,Zinc,,,141591.536,156461.046,362378.3,482669.389,287775.0,293281.333,277701.927,435648.154,490119.852,1021951.271,894601.269,683062.54,532561.453,617430.072,557435.201,615257.533,592070.259,748319.743,784692.106,151621.661,
Philippines,Bulk,,,,,,,,,,,,,,,157184.0,411512.0,,,,620007.0,,,
Philippines,Copper,,,,,,,,,,,,,,,,23059.0,25010.0,23100.0,21100.0,18400.0,15000.0,10300.0,
Philippines,Gold,,,,,,,,,,,,,,,0.174,2578297.629,3111519.305,7064003.953,9199004.578,3764006.786,991003.577,1173002.61,
Philippines,Nickel,,,,,,,,,,470207.0,506477.0,6591402.0,11934735.0,13416025.0,17318835.0,16643884.0,20088418.0,21775431.0,19617147.0,20668655.0,19766499.0,21124907.0,
Philippines,Silver,,,,,,,,,,,,,,,1.107,9.058,9.078,8.531,7.873,8.206999999999999,5.306,2.69,
Poland,Copper,,,,,,,,,,,,,,,,,,,480100.0,466800.0,452000.0,,
Portugal,Bulk,,,,,,,,2168000.0,,161387.0,,,,,,,,,,,,,
Portugal,Copper,,,,82900.0,77200.0,77500.0,,,2030133.0,2274387.0,2484542.0,2595922.0,2611938.0,3200114.0,2565559.0,2591544.0,2591369.0,2556831.0,2397557.0,2143624.0,2738692.0,2743436.0,
Portugal,Lead,,,,,,,,,,,,,,,87.0,1496.0,3192.0,3077.0,4126.0,5164.0,6571.0,5474.0,
Portugal,Silver,,,,,,,,,18.268,24.124,26.227,20.447,20.525,25.501,27.244,37.024,39.349,37.677,35.21,36.628,50.774,48.364,
Portugal,Tin,,,,1201.0,345.0,203.0,,,,,,,,,,,,,,,,,
Portugal,Zinc,,,,,,,,,163220.0,423356.0,429613.0,501.0,80717.0,90429.0,560006.0,1021382.0,1186378.0,1061921.0,1110527.0,1067356.0,1194435.0,1226202.0,
Russian Federation,Bauxite,,,,,,,,,,,5200000.0,5300000.0,5035000.0,5380000.0,5166000.0,5322000.0,5589000.0,5398000.0,5432000.0,5523000.0,5651000.0,5574000.0,
Russian Federation,Bulk,,,,,,,,,21761000.0,22673000.0,23183000.0,23190000.0,24454000.0,24736300.0,24624500.0,24779800.0,25085607.0,25289795.0,24859728.0,25000000.0,33060000.0,36790000.0,
Russian Federation,Copper,,,,,,,,,419883.776,410131.998,401194.667,390284.5639999999,374528.823,362655.269,358860.09599999996,359134.898,355961.168,356013.494,351831.60500000004,373774.8,391172.4,440464.68,
Russian Federation,Gold,,,,,,,,,,,463016.65,1090024.69,1331019.848,1287015.526,1260014.648,1492014.901,1742021.347,1897021.669,2002020.729,1915016.445,1636016.541,5.018,
Russian Federation,Iron,,,,12348050.0,5583852.0,11023133.333,13413544.0,25400780.667,77709317.0,28373931.0,26646707.667,25268150.0,42536060.0,120084180.0,110043860.0,111132700.0,113512800.0,113108700.0,47395600.0,46565720.0,99482920.0,101769940.0,13065400.0
Russian Federation,Lead,,,,,,,,,,,,,,,,,,,,3298.0,4152.0,,
Russian Federation,Nepheline,,,,,,,,,,,,,4854000.0,4608000.0,4947000.0,4662000.0,4396000.0,4111000.0,4432000.0,4332000.0,4294000.0,4244000.0,
Russian Federation,Nickel,,,,1319746.5,2186262.9,2626370.8,2629355.44,2037553.14,2614769.64,3081288.022,2717922.189,2900906.539,3117497.178,3246226.648,1793410.451,220238.735,218137.836,214797.82,191381.966,207257.8,216236.5,225619.62,
Russian Federation,PGM,,,,,,,,,136.241,134.744,127.552,124.012,121.713,97.315,99.911,98.111,94.491,94.681,91.854,97.191,98.078,108.96,
Russian Federation,Silver,,,,,,,,,,,173.147,255.204,207.532,204.972,187.616,155.517,132.905,146.186,152.687,120.65,102.828,,
Russian Federation,Zinc,,,,,,,,,,,,,,,,,,51731.0,73731.0,93272.0,99918.0,,
Saudi Arabia,Bauxite,,,,,,,,,,,,,,,,,796813.0,2390438.0,3585657.0,3585657.0,4382470.0,4780876.0,
Saudi Arabia,Copper,,,,,,,,,,,,,,,,,,2721.554,,,49895.161,,
Sierra Leone,Ilminite,,,,,,,,,,,,,,,,,,,,57600.0,54500.0,59200.0,
Sierra Leone,Rutile,,,,,,,,,,,,,,,,,,,,167600.0,121500.0,137200.0,
Sierra Leone,Zircon,,,,,,,,,,,,,,,,,,,,3000.0,11400.0,8500.0,
South Africa,Antimony,,,,,,,,,,4624.191,4260.912,3453.49,,,,,,,,,,,
South Africa,Bulk,,,1365000.0,1343000.0,1349000.0,2260000.0,1518000.0,2196798.0,2375047.0,1803581.0,2624876.0,2854049.0,4687000.0,5638756.0,7822088.0,9106540.0,9325534.0,9467562.0,9819633.0,9080600.0,9645892.0,11312662.0,
South Africa,Chromium,,,,,,,,,304000.0,584000.0,1146000.0,661000.0,502000.0,335000.0,,1600000.0,1610000.0,1770000.0,1960000.0,2040000.0,,,
South Africa,Cobalt,,,,,,,,281.0,257.0,208.0,276.0,244.0,578.0,553.0,744.0,1101.0,1133.0,1116.0,1065.0,813.0,716.0,820.0,
South Africa,Copper,,,,78400.0,52200.0,57100.0,59600.0,68240.0,68722.0,76919.0,90826.0,87718.0,80439.0,74909.0,57138.0,10519.0,10774.0,10254.0,10565.0,8282.0,8029.0,7748.0,
South Africa,Fluorspar,,,,,,,,572062.0,627315.0,744565.0,751680.0,690523.0,,,,,,,,,,,
South Africa,Gold,,,,52000094.801,44100093.866,11400084.0,10900077.621,10616171.152,10713852.037,9830432.905,8915365.132,8214001.819,7200046.914,5700041.91,16485068.042,18324074.742,22135077.862,23061070.574,23481069.053,22223062.218,18495040.923,0.153,
South Africa,Ilminite,,,,,44000.0,490600.0,582600.0,672100.0,591200.0,667300.0,469900.0,612000.0,487000.0,545000.0,,,,,,,,,
South Africa,Iridium,,,,,,,,,,0.16,0.447,0.486,0.54,0.537,0.514,0.558,0.549,0.544,0.596,0.593,0.5760000000000001,0.5229999999999999,
South Africa,Iron,,,,,,,,6434000.0,5536000.0,6675000.0,6341000.0,9304000.0,9286000.0,9685000.0,12944000.0,57553100.0,63349500.0,59666300.0,58201900.0,62696500.0,61683700.0,60173700.0,37020800.0
South Africa,Lead,,,6417.0,6024.0,6610.1,43395.0,37500.0,42200.0,48300.0,41900.0,47000.0,49100.0,51083.676,14716.57,54810.843,50005.522,39030.295,31695.367,34745.607,43926.01,47447.685,45384.2,
South Africa,Manganese,,,,,,,,1882000.0,2572000.0,2847000.0,3154000.0,3138000.0,1973000.0,3048000.0,3296000.0,3199000.0,3358000.0,3087000.0,2934000.0,3069000.0,3717000.0,3409000.0,
South Africa,Nickel,,,,,,,,6298.0,6291.0,5342.0,6202.0,5613.0,10767.0,11139.0,15190.0,24423.0,24107.0,22413.0,22837.0,17066.0,14536.0,15318.0,
South Africa,PGM,,,,,,,,1.474,1.399,1.305,1.155,0.756,1.488,1.517,2.378,3.147,5.241,4.086,10.428,44.279,43.774,76.211,62.621
South Africa,Palladium,,,,,,,,3.549,3.689,4.86,5.271,5.646,5.9559999999999995,5.765,5.74,6.25,5.9239999999999995,5.6899999999999995,6.296,28.392,29.786,5.67,
South Africa,Phosphate,,,,,,,,2460000.0,2510000.0,4360000.0,4830000.0,5080000.0,5190000.0,5250000.0,5280000.0,5500000.0,5380000.0,5220000.0,13961000.0,34099000.0,34194000.0,5690000.0,
South Africa,Platinum,,,,,,,,3.569,3.731,6.002,6.58,7.191,7.71,7.722,7.673,8.216,8.104,48.44,47.535,36.494,38.041,7.592,
South Africa,Rhodium,,,,,,,,0.727,0.78,1.124,1.223,1.3210000000000002,1.4420000000000002,1.394,1.398,1.535,1.498,1.456,1.605,1.5830000000000002,1.5630000000000002,1.415,
South Africa,Ruthenium,,,,,,,,,,0.689,1.884,2.044,2.212,2.161,2.177,2.3840000000000003,2.335,2.308,2.512,2.521,2.4320000000000004,2.19,
South Africa,Rutile,,,,,19000.0,37400.0,43700.0,52100.0,53200.0,41500.0,38100.0,46000.0,45000.0,48000.0,,,,,,,,,
South Africa,Triuranium,,,,31.0,,,,,,,,,,,,,,,,,,,
South Africa,Zinc,,,20654.0,20912.0,25361.2,47835.1,28200.0,32100.0,34100.0,28300.0,27900.0,28200.0,36360.093,10896.172,31732.065,40168.42,29389.946,26666.775,29697.1,30658.815,28218.734,85198.952,
South Africa,Zircon,,,,,45000.0,143300.0,49000.0,175600.0,178400.0,148800.0,131400.0,152000.0,161000.0,163000.0,,,,,,,,,
Spain,Bulk,,,,,,,,997224.0,1550437.0,1707330.0,1794089.0,1441903.0,1349336.0,24289.0,755000.0,1785000.0,1755000.0,616000.0,,,,,
Spain,Copper,,,,,,,,4887.911,6616.0,6281.0,7071.0,6989.0,5484.0,0.0,2260.0,1328546.0,1617480.0,1576250.0,1611643.0,1692664.0,1614738.0,,
Spain,Nickel,,,,,,,,5380.966,6398.0,6630.0,8136.0,8029.0,6296.0,0.0,2398.0,7574.0,8631.0,7213.0,,,,,
Suriname,Bauxite,,,,,,,,,,,,,,,3000000.0,2700000.0,2700000.0,1600000.0,,,,,
Suriname,Gold,,,,,,,,,,,,,,,,,,,6538192.943,12061238.518,15134833.112,12671784.829,
Sweden,Bulk,,,2644000.0,2751000.0,2862000.0,2821000.0,3580812.0,4294043.0,3995541.0,4240026.0,3620387.0,3576655.0,2818000.0,3133000.0,3346000.0,3304000.0,4086000.0,4246000.0,4760000.0,4699000.0,4569000.0,,
Sweden,Copper,,,18296860.0,17792251.0,18673131.0,18105019.0,17753589.0,16771769.0,18578466.0,18244672.0,17870219.0,18845590.0,27705680.0,31727517.0,34560459.0,37366960.0,39336864.0,36572844.0,36237606.0,39241777.0,38675086.0,184906.0,
Sweden,Gold,,,3.56,4.5009999999999994,4.4559999999999995,4.276,5.228,4.471,4.511,2.8339999999999996,2.602,3.13,3.727,3.682,3.643,3.85,4.297,4.577,4.960000000000001,5.916,6.444,,
Sweden,Lead,,,17347.0,37543.0,40540.0,41158.0,54316.0,60434.0,55048.0,62128.0,63485.0,68914.0,67636.0,61339.0,63246.0,58874.0,71363.0,79120.0,74661.0,70324.0,62613.0,27703.0,
Sweden,Silver,,,226.076,260.026,288.426,301.852,285.254,278.924,261.474,289.549,258.001,264.554,280.237,278.209,298.863,330.791,389.249,481.51199999999994,504.72,477.576,461.141,69.853,
Sweden,Tellurium,,,,,,,,,,,,,,,6.791,24.457,30.917,33.0,38.68,34.979,44.641,,
Sweden,Zinc,,,88400.0,145517.0,148634.0,185724.0,219290.0,247694.0,236375.0,224762.0,188048.0,192459.0,1188863.0,1222670.0,1142209.0,1087366.0,1284713.0,1373451.0,1314523.0,1439963.0,1437606.0,1216313.0,
Tajikistan,Gold,,,,,,,,,,,,,,,1.512,1.617,2.124,3.106,3.301,4.014,4.567,,
Tanzania,Copper,,,,,,,,,,,,,,6747.639999999999,5840.002,5429.501,6381.591,6794.814,7365.433000000001,5849.981,0.0,,
Tanzania,Gold,,,,4600023.006,6075027.516,6780028.533,6763030.277,7467029.757,5700008.732,5100009.27,4300007.484,13189029.988,12906031.92,11729035.41,12935034.528,11268032.823,13370035.873,15510037.702,14818039.667,19106039.161,9348032.222,,
Turkey,Bulk,,,,,,,,,,,,,,,,1333000.0,1341000.0,1229000.0,1285000.0,946000.0,1007000.0,,
Turkey,Copper,,,,,,,,,,,,,,,,31510.0,29360.0,24304.0,25330.0,16523.0,19896.0,,
Turkey,Zinc,,,,,,,,,,,,,,,,43097.0,36218.0,19808.0,8062.0,3326.0,4091.0,,
Ukraine,Iron,,,,,,,,,,,0.0,19216650.0,19443600.0,34232500.0,31786750.0,39983573.5,39498556.0,39161879.5,47803846.5,46633243.0,47948007.5,31310000.0,
United States of America,Bulk,,,16820587.0,16937536.0,12981432.0,12461107.0,16098307.0,11548618.0,12672350.0,19077082.0,9319666.0,9357768.0,12677566.0,14971242.0,22693968.0,24768182.0,30120439.0,36208610.0,41013283.0,36344891.0,38097763.0,10348460.0,
United States of America,Copper,,,642148100.0,573171200.0,361204400.0,351426800.0,955936.562,901016.707,916220.206,865368.671,941831.336,863322.828,773602.258,811688.922,828123.306,920128.365,22034408.036,24308203.106,24695282.824,21702788.783,20410868.531,19738553.049,
United States of America,Gold,,,4108096.51,16930856.636,92077840.889,89962072.178,80341124.913,83436843.056,70003424.137,95077541.447,108500426.658,92641044.24,82067499.497,90474325.843,102700493.869,92850695.65,118381078.7,120946507.513,172206666.787,161008197.676,148451001.675,55552365.235,836011.421
United States of America,Ilminite,,,,,,,296039.0,305421.0,255879.0,225503.0,239100.0,182900.0,251500.0,288100.0,214700.0,189600.0,94800.0,145100.0,,,,,
United States of America,Iron,,,,,,,,,,,,,,44455000.0,45550000.0,43990000.0,42960000.0,45720000.0,46715000.0,43955000.0,44690000.0,43595000.0,
United States of America,Lead,,,83007.404,115554.398,130200.0,147400.0,136800.0,119200.0,140400.0,153200.0,,,109900.0,84000.0,95400.0,96700.0,122500.0,124200.0,128000.0,116100.0,102100.0,,
United States of America,Leucoxene,,,,,,,30147.0,33947.0,17365.0,,,,,,,,,,,,,,
United States of America,Molybdenum,,,8948.017,16538.179,15406.355,14691.069,19500.586,30114.956,33582.918000000005,32590.102,28743.695,23705.994,31043.695,31743.695,29358.065,28833.211,34746.211,32636.581,21480.288,24990.063,25758.064,15422.14,
United States of America,Nickel,,,,,,,,,,,,,,,,,4300.0,27167.0,24114.0,22081.0,17573.0,13494.0,
United States of America,PGM,,,,,,,,,,,,,,,,,,,,11.695,18.444,,
United States of America,Phosphate,,,,,,,,,,,,,,,,,,,,855000.0,1339000.0,,
United States of America,Rutile,,,,,,,22916.0,28215.0,10627.0,,,,,,,,,,,,,,
United States of America,Silver,,,185893.588,180636.912,217365.885,150141.257,154327.896,117183.375,515.524,474.5630000000001,185.842,204.996,163.687,123.774,138.417,162.416,210.653,181.404,195.974,204.345,214.016,106.438,
United States of America,Zinc,,,531156.665,575548.894,644900.0,648400.0,616900.0,620900.0,605000.0,626200.0,,,538000.0,572200.0,529100.0,551300.0,596000.0,597700.0,617100.0,575000.0,612900.0,,
United States of America,Zircon,,,,,,,101880.0,98757.0,83054.0,80567.0,84400.0,47500.0,58200.0,60300.0,49400.0,39600.0,25100.0,37300.0,,,,,
Venezuela,Nickel,,,,,,1225200.0,1282400.0,1333900.0,1340900.0,1198900.0,821900.0,833100.0,725900.0,1316000.0,441000.0,,,,,,,,
Zambia,Bulk,,,,,,,,,,,,3588000.0,5462000.0,8377000.0,8561000.0,7677000.0,9413000.0,10949000.0,7953000.0,7997000.0,8186000.0,,
Zambia,Cobalt,,,,,,,,,,,,,800.0,600.0,100.0,,,,,,,,
Zambia,Copper,,,,,,,1346000.0,7365301.0,10034208.0,16166083.44,19865672.32,831691.86,915387.18,908042.61,466632.424,1417864.12,1849405.13,16028467.97,39647939.48,43604396.967,49396490.703,40374.0,
Zambia,Gold,,,,,,,,,,1.155,1.756,2.828,3.103,3.178,3.85,4.737,4.37,3.856,4.195,3.979,3.68,,
Zambia,Oxide,,,,,,,,,,,,5661000.0,5674000.0,6072000.0,6210000.0,6662000.0,7977000.0,6795000.0,7076000.0,6916000.0,6916000.0,,
Zambia,Sulphide,,,,,,,,,,,,11994000.0,10382000.0,8855000.0,9254000.0,11089000.0,7944000.0,8296000.0,11988000.0,12970000.0,12978000.0,,
Zimbabwe,Diamonds,,,,,,,0.009,0.05,0.048,0.029,0.053,0.025,0.036,0.073,0.081,0.083,0.088,,,,,,
Zimbabwe,Gold,,,,,,,0.255,,,,,,,,,,,,,,,,
Zimbabwe,PGM,,,,,,,,,,,,,,,,,,,2.833,7.714,7.776,6.274,6.099
Zimbabwe,Palladium,,,,,,,,,,,,,,,,,,,,2.003,2.348,,
Zimbabwe,Phosphate,,,,,,,,,,,,,,,,,,,1012000.0,2770000.0,2804000.0,,
Zimbabwe,Platinum,,,,,,,,,,,,,,,,,,2.068,2.317,2.32,2.672,,
