country,type,Flow,1971,1972,1973,1974,1975,1976,1977,1978,1979,1980,1981,1982,1983,1984,1985,1986,1987,1988,1989,1990,1991,1992,1993,1994,1995,1996,1997,1998,1999,2000,2001,2002,2003,2004,2005,2006,2007,2008,2009,2010,2011,2012,2013,2014,2015,2016,2017,2018,2019,2020,2021
Australia,"Coal",Total energy supply (PJ),884,923,946,928,998,996,1082,998,1034,1144,1155,1196,1170,1226,1261,1237,1332,1347,1464,1461,1519,1542,1573,1554,1570,1703,1856,1973,2014,2016,2019,2035,2016,2089,2137,2165,2173,2156,2205,2113,2014,1969,1831,1737,1797,1863,1997,1930,1957,1783,1684
Australia,"Petrol/NGL",Total energy supply (PJ),1051,1029,1204,1208,1239,1267,1343,1388,1390,1325,1276,1325,1259,1271,1214,1245,1260,1314,1353,1385,1361,1411,1508,1483,1477,1588,1554,1560,1522,1531,1412,1508,1581,1420,1422,1348,1381,1343,1277,1336,1439,1368,1319,1255,1082,939,890,922,936,911,730
Australia,Oil products,Total energy supply (PJ),-40,-28,-91,-32,-93,-73,-88,-64,-73,-66,-75,-80,-129,-116,-110,-102,-81,-111,-81,-78,-121,-129,-125,-100,-114,-115,-153,-186,-128,-102,-131,-147,-100,68,123,185,162,310,375,406,368,477,565,602,695,855,906,922,904,946,1047
Australia,Natural gas,Total energy supply (PJ),75,108,142,162,175,188,237,256,291,313,366,403,422,441,471,514,530,549,565,619,580,600,625,653,701,704,709,738,769,807,850,789,857,860,794,958,1065,1155,1177,1146,1201,1150,1293,1372,1384,1276,1313,1363,1423,1557,1530
Australia,Nuclear,Total energy supply (PJ),0,0,0,0,0,0,0,0,0,0,0,0,0,0,0,0,0,0,0,0,0,0,0,0,0,0,0,0,0,0,0,0,0,0,0,0,0,0,0,0,0,0,0,0,0,0,0,0,0,0,0
Australia,Renewables,Total energy supply (PJ),191,194,189,202,208,210,203,204,204,199,212,217,210,206,216,204,203,209,216,220,225,206,238,233,239,263,275,266,270,274,277,289,284,280,275,283,292,300,237,284,294,293,325,336,339,351,376,383,398,418,462
Austria,"Coal",Total energy supply (PJ),171,161,162,171,150,163,138,138,152,153,158,150,161,183,183,163,162,155,156,172,180,140,126,128,146,146,154,136,133,151,156,159,170,167,168,169,162,160,120,142,146,136,139,128,136,126,130,115,121,103,106
Austria,"Petrol/NGL",Total energy supply (PJ),326,352,393,371,351,398,372,418,461,453,390,342,307,325,350,353,356,355,360,384,403,412,410,415,391,407,436,424,406,377,404,405,389,377,387,384,380,391,366,339,363,365,370,370,376,363,354,384,402,353,356
Austria,Oil products,Total energy supply (PJ),95,106,114,79,94,83,99,65,69,52,61,93,114,79,60,72,91,67,54,50,64,43,54,44,69,93,62,102,93,113,121,132,184,193,190,188,167,140,137,178,120,108,117,101,99,119,131,105,97,103,122
Austria,Natural gas,Total energy supply (PJ),119,129,138,150,150,171,174,181,181,174,163,157,160,178,191,185,193,184,197,219,232,228,240,247,270,287,277,284,289,276,292,291,314,322,339,317,299,316,309,340,321,307,296,271,289,303,326,308,321,306,324
Austria,Nuclear,Total energy supply (PJ),0,0,0,0,0,0,0,0,0,0,0,0,0,0,0,0,0,0,0,0,0,0,0,0,0,0,0,0,0,0,0,0,0,0,0,0,0,0,0,0,0,0,0,0,0,0,0,0,0,0,0
Austria,Renewables,Total energy supply (PJ),87,87,98,109,114,102,119,123,143,151,164,171,171,175,189,202,226,267,243,219,229,241,250,244,256,257,258,259,288,286,291,286,269,290,314,339,363,378,400,416,400,450,446,439,438,451,451,432,447,450,458
Belgium,"Coal",Total energy supply (PJ),425,445,468,521,394,424,407,439,476,477,464,448,411,459,434,388,395,406,432,442,421,385,356,376,363,346,334,338,296,336,311,269,252,246,217,207,185,191,131,159,147,135,149,145,144,133,129,129,127,99,109
Belgium,"Petrol/NGL",Total energy supply (PJ),1293,1560,1595,1293,1251,1248,1562,1445,1448,1432,1250,1065,986,991,869,1118,1138,1104,1140,1131,1269,1244,1198,1203,1117,1343,1387,1450,1353,1432,1400,1415,1514,1469,1361,1357,1387,1400,1260,1307,1208,1269,1175,1369,1343,1310,1394,1351,1411,1098,1174
Belgium,Oil products,Total energy supply (PJ),-254,-434,-436,-277,-292,-237,-568,-382,-386,-455,-381,-239,-248,-278,-151,-309,-346,-307,-370,-396,-455,-397,-378,-279,-196,-359,-402,-459,-387,-483,-438,-503,-532,-488,-378,-423,-489,-430,-328,-339,-315,-418,-282,-449,-422,-412,-506,-463,-562,-336,-356
Belgium,Natural gas,Total energy supply (PJ),197,249,299,350,346,366,360,357,390,373,344,287,298,308,309,278,306,302,336,342,366,379,394,405,444,495,472,522,558,560,552,560,603,610,617,631,627,621,631,701,603,602,606,529,584,596,609,628,636,633,636
Belgium,Nuclear,Total energy supply (PJ),0,0,1,2,74,109,130,137,124,137,140,171,263,303,377,430,458,470,450,466,468,474,457,443,451,473,517,504,535,525,506,517,517,516,519,509,526,497,515,523,526,440,465,368,285,475,461,312,475,376,549
Belgium,Renewables,Total energy supply (PJ),0,1,1,2,1,1,3,4,4,3,4,4,6,6,8,10,10,10,18,33,34,36,33,33,39,38,38,41,44,45,52,50,60,64,70,82,93,108,126,153,155,170,178,171,182,192,197,201,206,226,233
Canada,"Coal",Total energy supply (PJ),665,689,639,622,671,703,736,753,829,861,905,950,1016,1119,1083,1001,1074,1153,1158,1016,1059,1100,1007,1038,1061,1086,1156,1233,1231,1327,1307,1257,1243,1198,1259,1266,1271,1152,919,967,872,816,806,855,774,733,754,598,518,417,425
Canada,"Petrol/NGL",Total energy supply (PJ),2862,3151,3452,3610,3681,3677,3854,3861,4121,3975,3733,3210,3055,3147,3030,3098,3295,3323,3450,3467,3301,3281,3460,3499,3525,3659,3817,3897,3934,4048,4159,4134,4336,4541,4305,4541,4658,4415,4355,4357,4223,4594,4549,4681,4843,4499,4830,4770,4965,4525,4645
Canada,Oil products,Total energy supply (PJ),149,59,-128,-214,-108,-27,-181,-158,-290,-269,-208,-37,-105,-149,-108,-61,-143,-173,-133,-263,-301,-191,-288,-330,-294,-379,-401,-361,-338,-401,-502,-569,-456,-569,-431,-456,-567,-410,-433,-405,-314,-619,-690,-676,-585,-493,-742,-603,-631,-639,-668
Canada,Natural gas,Total energy supply (PJ),1305,1467,1561,1547,1597,1614,1682,1707,1828,1908,1813,1842,1822,1954,2089,2009,2042,2245,2352,2292,2320,2444,2594,2722,2810,2949,2971,2852,2979,3109,3009,3071,3338,3267,3398,3327,3312,3213,3220,3169,3450,3504,3669,3713,3577,4336,4659,4889,4923,4701,4885
Canada,Nuclear,Total energy supply (PJ),47,79,170,169,145,198,292,357,409,435,467,462,567,606,684,806,870,917,893,812,947,892,1032,1180,1070,1015,902,780,802,794,837,824,817,986,1004,1069,1020,1047,983,989,1021,1035,1128,1170,1111,1106,1105,1099,1104,1071,1010
Canada,Renewables,Total energy supply (PJ),904,972,1028,1082,989,1031,1060,1137,1177,1224,1263,1230,1290,1364,1448,1489,1513,1481,1409,1535,1576,1610,1638,1722,1761,1806,1784,1748,1825,1813,1681,1778,1741,1803,1857,1805,1881,1882,1849,1790,1897,1921,2028,2021,2013,2051,2114,2086,2051,2026,2028
Chile,"Coal",Total energy supply (PJ),55,47,50,48,38,39,41,42,46,51,51,34,42,55,52,55,54,75,99,105,83,74,75,89,98,134,173,165,171,129,100,101,100,113,113,139,136,184,148,187,227,258,271,257,275,297,307,298,345,282,265
Chile,"Petrol/NGL",Total energy supply (PJ),209,224,215,224,180,197,200,209,225,219,212,157,170,172,171,186,195,218,257,275,281,291,310,333,352,371,386,424,428,426,434,426,463,478,456,498,478,468,454,388,418,398,418,400,375,373,385,397,431,337,363
Chile,Oil products,Total energy supply (PJ),-2,-5,-7,-23,-6,-10,-8,-10,-15,-6,5,37,17,15,11,8,6,6,-10,-4,4,17,23,28,40,61,69,38,44,13,-25,9,-26,-19,28,16,200,214,189,240,244,255,246,245,265,302,284,288,262,299,322
Chile,Natural gas,Total energy supply (PJ),27,26,22,23,25,27,28,26,30,30,30,31,33,33,34,31,30,40,60,48,40,48,45,48,48,49,83,118,165,218,247,247,270,294,285,262,160,88,117,187,191,179,170,152,167,182,182,183,220,202,221
Chile,Nuclear,Total energy supply (PJ),0,0,0,0,0,0,0,0,0,0,0,0,0,0,0,0,0,0,0,0,0,0,0,0,0,0,0,0,0,0,0,0,0,0,0,0,0,0,0,0,0,0,0,0,0,0,0,0,0,0,0
Chile,Renewables,Total energy supply (PJ),76,77,76,81,82,86,90,96,98,103,105,110,121,128,133,140,147,150,144,163,192,218,212,216,230,235,241,241,239,264,273,280,268,279,298,313,302,311,323,286,326,466,507,400,405,429,447,471,474,458,485
Colombia,"Coal",Total energy supply (PJ),73,76,77,93,92,104,108,76,74,75,77,80,85,87,84,123,128,125,130,136,142,158,164,157,159,137,135,146,106,117,127,112,121,99,120,109,106,125,139,144,157,129,210,213,226,229,174,158,201,185,128
Colombia,"Petrol/NGL",Total energy supply (PJ),332,360,362,371,351,357,356,341,290,332,351,370,415,437,431,470,521,516,526,545,573,555,566,584,601,665,661,658,659,664,686,641,680,687,666,697,704,717,698,623,624,568,544,440,459,647,694,737,753,748,858
Colombia,Oil products,Total energy supply (PJ),-81,-98,-85,-79,-63,-59,-54,-45,-28,-15,-35,-51,-88,-100,-93,-105,-148,-119,-138,-131,-148,-105,-94,-90,-99,-132,-121,-107,-174,-185,-223,-197,-229,-213,-174,-160,-177,-176,-146,-144,-119,-100,75,179,180,76,-26,-109,-30,-105,-51
Colombia,Natural gas,Total energy supply (PJ),47,57,59,62,54,55,62,82,94,100,110,117,129,131,133,130,137,132,134,141,140,143,140,145,152,164,204,234,205,228,243,242,232,244,256,257,254,272,315,345,317,332,409,430,423,401,411,429,443,438,398
Colombia,Nuclear,Total energy supply (PJ),0,0,0,0,0,0,0,0,0,0,0,0,0,0,0,0,0,0,0,0,0,0,0,0,0,0,0,0,0,0,0,0,0,0,0,0,0,0,0,0,0,0,0,0,0,0,0,0,0,0,0
Colombia,Renewables,Total energy supply (PJ),209,185,171,171,213,215,221,234,242,250,248,257,257,269,281,293,304,315,326,330,325,305,324,349,351,356,277,273,285,259,252,267,284,279,280,306,312,324,307,321,346,349,437,434,426,422,447,423,424,408,441
Costa Rica,"Coal",Total energy supply (PJ),0,0,0,0,0,0,0,0,0,0,0,0,0,0,0,0,0,0,0,0,0,0,0,0,0,0,0,0,0,0,1,0,1,0,0,0,1,0,0,0,0,0,0,0,0,0,0,0,0,0,1
Costa Rica,"Petrol/NGL",Total energy supply (PJ),18,17,17,17,12,11,15,18,18,22,20,19,13,17,17,26,25,25,28,21,16,23,25,22,29,26,27,1,0,4,12,21,21,22,20,29,31,26,16,21,6,0,0,0,0,0,0,0,0,0,0
Costa Rica,Oil products,Total energy supply (PJ),2,4,7,6,14,14,16,17,17,10,7,7,12,10,11,4,7,8,12,20,28,34,33,34,29,31,32,62,67,67,56,49,55,56,56,55,61,68,76,71,88,96,100,102,98,106,109,112,107,94,105
Costa Rica,Natural gas,Total energy supply (PJ),0,0,0,0,0,0,0,0,0,0,0,0,0,0,0,0,0,0,0,0,0,0,0,0,0,0,0,0,0,0,0,0,0,0,0,0,0,0,0,0,0,0,0,0,0,0,0,0,0,0,0
Costa Rica,Nuclear,Total energy supply (PJ),0,0,0,0,0,0,0,0,0,0,0,0,0,0,0,0,0,0,0,0,0,0,0,0,0,0,0,0,0,0,0,0,0,0,0,0,0,0,0,0,0,0,0,0,0,0,0,0,0,0,0
Costa Rica,Renewables,Total energy supply (PJ),14,15,15,16,16,17,17,18,19,21,22,22,24,26,25,26,26,27,28,29,30,40,41,41,40,42,42,36,43,51,53,59,60,85,86,92,93,94,97,98,97,103,109,110,109,97,91,86,101,108,109
Czechia,"Coal",Total energy supply (PJ),1561,1543,1490,1318,1358,1404,1486,1364,1465,1400,1394,1441,1454,1467,1430,1419,1405,1384,1298,1317,1205,1081,1029,958,950,945,970,889,770,906,887,870,881,878,847,879,894,826,737,784,769,727,718,670,687,693,662,660,596,513,538
Czechia,"Petrol/NGL",Total energy supply (PJ),251,274,302,318,318,341,379,392,408,397,406,384,378,374,379,384,390,384,378,322,274,286,267,283,295,319,303,294,261,254,265,270,283,295,340,341,324,356,318,340,309,315,288,323,311,234,340,327,338,260,304
Czechia,Oil products,Total energy supply (PJ),48,53,60,62,92,74,77,65,59,57,59,62,43,56,47,39,37,15,36,43,30,41,43,34,33,21,23,48,79,69,80,80,75,95,65,59,79,50,66,35,57,46,58,46,49,99,50,67,58,97,88
Czechia,Natural gas,Total energy supply (PJ),36,39,43,52,60,66,75,84,94,108,109,115,135,144,177,187,204,205,211,220,212,243,248,242,274,316,321,322,323,314,336,325,328,326,323,318,303,300,285,338,285,287,291,259,271,294,301,286,300,305,326
Czechia,Nuclear,Total energy supply (PJ),0,0,0,0,0,0,0,0,0,0,0,0,2,14,26,67,117,129,135,137,132,134,138,142,133,140,136,144,146,148,161,204,282,288,271,285,287,291,298,306,309,332,336,332,294,264,310,327,331,329,336
Czechia,Renewables,Total energy supply (PJ),4,5,4,7,7,5,7,7,8,9,7,6,6,5,6,7,9,8,6,48,48,71,70,68,61,61,67,69,73,71,78,86,82,91,95,99,105,113,127,139,153,164,179,185,191,193,197,199,212,220,234
Denmark,"Coal",Total energy supply (PJ),61,54,81,70,86,119,136,144,181,246,210,243,220,238,306,307,303,285,229,255,346,287,300,321,272,373,280,237,194,167,176,175,237,183,155,229,195,168,168,159,135,103,133,106,76,83,65,67,40,34,46
Denmark,"Petrol/NGL",Total energy supply (PJ),451,433,416,403,345,334,333,343,382,288,258,253,293,310,291,331,328,335,359,340,350,365,366,378,438,492,407,369,382,391,381,364,357,344,329,340,329,316,325,307,280,317,302,285,305,282,306,298,320,304,325
Denmark,Oil products,Total energy supply (PJ),257,312,284,250,281,324,328,314,265,244,204,193,126,107,142,91,70,31,-10,-20,-24,-42,-42,-37,-93,-115,-48,-9,-34,-55,-40,-32,-34,-25,-19,-24,-14,-7,-34,-15,-9,-56,-51,-43,-61,-36,-53,-45,-73,-72,-89
Denmark,Natural gas,Total energy supply (PJ),0,0,0,0,0,0,0,0,0,0,1,1,2,7,29,48,62,67,71,76,86,91,103,115,133,156,165,179,188,186,194,194,195,194,184,190,170,171,163,185,155,146,139,117,119,121,115,112,106,88,81
Denmark,Nuclear,Total energy supply (PJ),0,0,0,0,0,0,0,0,0,0,0,0,0,0,0,0,0,0,0,0,0,0,0,0,0,0,0,0,0,0,0,0,0,0,0,0,0,0,0,0,0,0,0,0,0,0,0,0,0,0,0
Denmark,Renewables,Total energy supply (PJ),14,15,15,15,16,17,17,18,22,27,32,35,36,38,39,43,48,49,49,50,55,58,61,61,65,69,74,77,81,89,96,103,117,128,136,138,152,153,154,179,184,190,196,205,217,225,249,246,257,264,296
Estonia,"Coal",Total energy supply (PJ),..,..,..,..,..,..,..,..,..,..,..,..,..,..,..,..,..,..,..,294,268,189,154,168,156,157,153,130,123,125,125,117,132,142,143,140,181,146,112,175,174,148,175,168,137,180,184,177,129,105,114
Estonia,"Petrol/NGL",Total energy supply (PJ),..,..,..,..,..,..,..,..,..,..,..,..,..,..,..,..,..,..,..,0,-2,-3,-3,-4,-6,-7,-8,-4,-2,-5,-5,-6,-6,-8,-9,-10,-14,-11,-15,-15,-17,-18,-21,-24,-30,-25,-36,-42,-44,-44,-46
Estonia,Oil products,Total energy supply (PJ),..,..,..,..,..,..,..,..,..,..,..,..,..,..,..,..,..,..,..,121,106,56,60,56,44,47,46,48,42,32,39,39,39,40,41,42,46,41,39,39,39,40,41,41,42,43,43,45,44,42,41
Estonia,Natural gas,Total energy supply (PJ),..,..,..,..,..,..,..,..,..,..,..,..,..,..,..,..,..,..,..,51,51,30,15,21,24,27,26,25,24,28,30,25,28,32,33,34,34,32,22,24,21,23,23,18,16,18,17,17,16,15,17
Estonia,Nuclear,Total energy supply (PJ),..,..,..,..,..,..,..,..,..,..,..,..,..,..,..,..,..,..,..,0,0,0,0,0,0,0,0,0,0,0,0,0,0,0,0,0,0,0,0,0,0,0,0,0,0,0,0,0,0,0,0
Estonia,Renewables,Total energy supply (PJ),..,..,..,..,..,..,..,..,..,..,..,..,..,..,..,..,..,..,..,8,8,9,9,15,21,25,25,21,22,21,23,23,24,25,25,22,25,27,30,36,35,36,40,39,41,44,47,50,51,57,57
Finland,"Coal",Total energy supply (PJ),87,97,107,109,100,133,131,183,178,207,128,137,144,164,208,189,221,213,208,223,231,205,230,286,253,305,287,229,219,214,261,278,347,316,206,307,302,225,222,288,250,191,215,188,173,180,173,176,146,120,126
Finland,"Petrol/NGL",Total energy supply (PJ),371,397,385,390,375,457,484,459,500,536,465,396,428,403,418,383,448,381,358,387,416,390,366,388,383,430,428,507,486,496,469,528,522,533,473,526,527,501,501,476,503,503,501,514,443,519,540,544,540,495,358
Finland,Oil products,Total energy supply (PJ),86,101,170,127,132,80,45,41,20,-8,6,34,-31,-30,-3,86,57,51,87,9,0,-24,9,5,-41,-47,-32,-94,-86,-116,-98,-117,-98,-91,-52,-91,-113,-95,-116,-80,-116,-142,-179,-147,-118,-163,-203,-209,-221,-182,-68
Finland,Natural gas,Total energy supply (PJ),0,0,0,16,26,31,31,34,34,32,25,24,23,27,34,41,55,59,78,91,97,100,104,115,119,124,122,140,140,144,156,155,171,166,151,163,156,162,146,161,141,126,120,105,94,86,81,91,89,88,89
Finland,Nuclear,Total energy supply (PJ),0,0,0,0,0,0,29,36,74,77,160,183,193,206,208,208,214,213,208,210,213,210,217,212,210,212,228,238,251,245,248,243,248,248,254,250,256,250,257,249,253,251,258,257,254,253,245,249,260,254,257
Finland,Renewables,Total energy supply (PJ),208,203,203,207,177,167,173,171,182,182,199,190,206,216,200,202,216,213,225,230,223,226,237,243,257,265,290,311,310,327,317,330,333,368,343,368,367,386,341,395,387,424,422,440,449,456,483,493,499,491,557
France,"Coal",Total energy supply (PJ),1404,1233,1227,1236,1114,1262,1270,1261,1358,1377,1219,1252,1117,1079,1053,865,826,808,872,840,889,786,620,617,666,688,606,715,642,623,523,562,596,575,593,547,565,534,465,501,472,524,555,412,390,381,415,382,307,222,356
France,"Petrol/NGL",Total energy supply (PJ),4581,5050,5652,5361,4589,5123,4981,4993,5367,4825,4115,3523,3326,3287,3317,3162,3008,3239,3241,3283,3397,3298,3404,3323,3409,3584,3723,3792,3450,3571,3669,3418,3669,3705,3665,3567,3534,3618,3134,2804,2838,2483,2436,2405,2536,2476,2493,2331,2120,1458,1493
France,Oil products,Total energy supply (PJ),-423,-471,-636,-623,-266,-444,-620,-309,-655,-373,-157,204,292,166,91,250,485,165,286,236,257,189,119,-29,-3,0,-270,-180,116,-129,54,219,28,32,29,88,61,-119,245,420,491,745,715,723,621,575,579,622,854,1136,1272
France,Natural gas,Total energy supply (PJ),408,482,565,590,658,707,738,788,873,906,921,885,942,961,1029,1035,1047,1042,1019,1090,1194,1192,1219,1163,1238,1369,1312,1399,1426,1497,1572,1569,1646,1681,1718,1659,1611,1670,1610,1784,1549,1600,1625,1365,1467,1603,1612,1542,1572,1461,1549
France,Nuclear,Total energy supply (PJ),102,159,161,160,199,172,196,333,436,668,1149,1188,1574,2086,2445,2773,2897,3006,3316,3426,3615,3692,4017,3927,4115,4335,4314,4233,4301,4529,4594,4765,4812,4890,4926,4911,4797,4794,4470,4675,4826,4641,4622,4762,4772,4398,4346,4505,4353,3860,4138
France,Renewables,Total energy supply (PJ),572,577,584,575,603,545,651,634,639,615,612,614,649,643,681,673,725,717,624,657,739,767,735,742,737,748,703,698,722,692,729,666,686,701,698,681,738,827,837,926,820,953,1056,988,1012,1083,1061,1139,1150,1147,1208
Germany,"Coal",Total energy supply (PJ),5935,5765,5836,5789,5271,5562,5359,5464,5779,5904,6002,5877,5870,6054,6077,5876,5795,5731,5689,5384,4802,4373,4113,4009,3836,3801,3638,3551,3380,3551,3621,3522,3548,3581,3429,3605,3605,3358,3017,3305,3270,3356,3418,3333,3325,3234,2990,2915,2361,1868,2227
Germany,"Petrol/NGL",Total energy supply (PJ),5139,5341,5666,5290,4679,5224,5230,5118,5581,5223,4546,4300,3951,3941,3830,3847,3768,4076,3904,3969,3953,4323,4426,4652,4438,4492,4369,4663,4583,4606,4586,4603,4695,4843,4993,4856,4766,4665,4342,4092,3999,4069,3999,3935,4026,4057,4015,3789,3767,3626,3607
Germany,Oil products,Total energy supply (PJ),746,896,979,766,1066,1138,1114,1403,1023,800,834,764,1002,1005,1200,1422,1386,1132,970,1115,1384,1086,1016,772,998,1071,1199,928,794,620,764,529,319,124,-104,26,-389,-38,-12,291,237,152,320,293,213,190,296,315,405,325,208
Germany,Natural gas,Total energy supply (PJ),704,924,1200,1516,1616,1708,1805,1970,2152,2144,2047,1902,1973,2059,2042,2092,2277,2225,2307,2302,2417,2378,2499,2562,2818,3151,3012,3045,3014,3008,3165,3164,3177,3190,3257,3320,3203,3231,3045,3178,2914,2923,3061,2653,2728,2945,3154,3079,3166,3123,3270
Germany,Nuclear,Total energy supply (PJ),68,104,132,158,263,322,450,479,568,607,716,814,854,1141,1516,1427,1551,1716,1769,1668,1606,1733,1673,1645,1671,1746,1859,1763,1855,1850,1869,1798,1801,1823,1779,1825,1533,1620,1472,1533,1178,1085,1061,1060,1001,923,833,829,819,702,754
Germany,Renewables,Total energy supply (PJ),155,161,160,204,201,193,208,213,216,251,264,279,269,284,281,245,242,260,245,264,255,273,280,295,310,325,368,402,395,447,498,538,628,723,854,1039,1200,1270,1285,1451,1496,1666,1716,1714,1812,1816,1924,1950,2022,2085,2056
Greece,"Coal",Total energy supply (PJ),68,78,88,97,116,137,142,128,145,137,152,165,205,221,254,260,283,310,334,338,325,342,342,355,351,333,358,374,358,378,390,376,373,381,375,353,370,348,353,329,330,341,292,280,235,183,202,191,134,77,72
Greece,"Petrol/NGL",Total energy supply (PJ),230,287,539,477,496,461,446,496,660,600,669,635,591,533,503,663,676,650,660,663,604,648,563,658,704,790,775,798,721,853,835,834,854,826,837,889,895,845,823,865,758,931,981,1071,1096,1163,1224,1256,1150,1105,1172
Greece,Oil products,Total energy supply (PJ),37,29,-159,-130,-146,-91,-41,-51,-199,-142,-240,-207,-174,-111,-57,-264,-248,-197,-145,-158,-83,-121,-46,-127,-166,-209,-188,-192,-117,-230,-189,-170,-165,-134,-128,-182,-229,-159,-162,-285,-237,-423,-549,-621,-627,-688,-767,-822,-703,-718,-776
Greece,Natural gas,Total energy supply (PJ),0,0,0,0,0,0,0,0,0,0,0,3,3,3,3,4,5,6,6,6,6,5,4,2,2,2,7,30,51,71,70,75,85,93,99,115,141,147,124,135,166,153,135,104,112,146,176,172,188,206,228
Greece,Nuclear,Total energy supply (PJ),0,0,0,0,0,0,0,0,0,0,0,0,0,0,0,0,0,0,0,0,0,0,0,0,0,0,0,0,0,0,0,0,0,0,0,0,0,0,0,0,0,0,0,0,0,0,0,0,0,0,0
Greece,Renewables,Total energy supply (PJ),28,28,27,27,26,26,26,30,32,31,31,32,27,29,29,30,31,29,28,46,51,50,51,53,56,59,59,59,63,64,59,63,69,70,72,78,74,74,81,93,93,106,113,106,122,116,110,119,120,123,142
Hungary,"Coal",Total energy supply (PJ),329,323,331,318,306,316,318,362,356,353,348,356,341,341,336,326,327,308,293,261,250,221,204,198,193,199,191,179,174,161,152,152,157,141,127,129,131,128,107,114,113,108,94,92,99,92,94,89,77,70,58
Hungary,"Petrol/NGL",Total energy supply (PJ),280,302,332,361,404,415,427,451,454,418,410,384,369,384,376,385,372,402,380,351,330,323,333,305,335,306,314,320,313,310,310,281,294,292,322,325,328,319,292,291,301,284,273,302,300,299,295,314,303,297,294
Hungary,Oil products,Total energy supply (PJ),13,7,9,14,8,9,34,54,18,34,28,27,13,11,28,-4,17,-31,-15,-1,-13,-16,-6,-11,-30,-23,-19,-25,-29,-32,-42,-20,-39,-31,-28,-17,-23,-26,-11,-17,-41,-38,-36,-34,-14,-16,12,12,27,11,39
Hungary,Natural gas,Total energy supply (PJ),136,147,175,186,207,248,267,293,309,334,341,357,355,362,370,392,389,385,392,373,370,325,350,354,384,429,406,409,415,404,448,453,498,490,506,480,448,442,383,411,392,351,323,292,314,336,358,346,354,367,389
Hungary,Nuclear,Total energy supply (PJ),0,0,0,0,0,0,0,0,0,0,0,0,27,41,71,81,120,147,152,150,150,152,151,153,153,155,153,153,155,155,155,153,121,131,152,147,161,162,169,172,172,173,168,171,173,176,176,172,178,176,175
Hungary,Renewables,Total energy supply (PJ),23,23,27,26,20,23,22,20,23,22,24,23,23,29,26,23,23,20,21,32,34,34,35,36,37,37,36,36,37,36,38,38,39,41,73,74,82,86,110,120,125,127,135,126,134,135,134,128,130,135,148
Iceland,"Coal",Total energy supply (PJ),0,0,0,0,0,0,0,0,1,1,1,1,2,3,3,3,2,2,3,3,3,2,2,3,2,3,2,3,2,4,4,4,4,4,4,4,4,4,4,4,4,4,4,4,4,4,4,5,4,4,5
Iceland,"Petrol/NGL",Total energy supply (PJ),0,0,0,0,0,0,0,0,0,0,0,0,0,0,0,0,0,0,0,0,0,0,0,0,0,0,0,0,0,0,0,0,0,0,0,0,0,0,0,0,0,0,0,0,0,0,0,0,0,0,0
Iceland,Oil products,Total energy supply (PJ),20,19,24,24,22,21,24,24,26,24,22,19,19,21,19,21,23,22,23,26,23,25,27,27,26,30,29,29,30,29,29,30,30,31,31,34,33,38,38,22,21,21,22,23,23,24,23,24,24,22,22
Iceland,Natural gas,Total energy supply (PJ),0,0,0,0,0,0,0,0,0,0,0,0,0,0,0,0,0,0,0,0,0,0,0,0,0,0,0,0,0,0,0,0,0,0,0,0,0,0,0,0,0,0,0,0,0,0,0,0,0,0,0
Iceland,Nuclear,Total energy supply (PJ),0,0,0,0,0,0,0,0,0,0,0,0,0,0,0,0,0,0,0,0,0,0,0,0,0,0,0,0,0,0,0,0,0,0,0,0,0,0,0,0,0,0,0,0,0,0,0,0,0,0,0
Iceland,Renewables,Total energy supply (PJ),18,19,23,22,24,26,28,30,35,38,46,49,51,52,52,53,55,57,59,68,63,60,64,65,65,69,68,75,88,101,97,100,100,98,100,130,161,189,198,201,218,212,221,219,207,193,206,227,224,221,219
Ireland,"Coal",Total energy supply (PJ),86,80,66,77,70,73,78,65,84,80,85,90,98,94,108,120,154,156,159,142,141,137,130,124,121,124,121,121,102,109,115,112,106,99,112,100,98,97,86,82,82,98,85,84,94,91,77,62,43,43,53
Ireland,"Petrol/NGL",Total energy supply (PJ),125,118,120,117,110,83,98,96,99,87,31,21,51,53,56,66,65,60,64,78,77,85,81,99,96,92,125,130,121,141,145,137,138,126,142,135,145,136,120,124,126,131,120,117,144,137,136,130,115,122,130
Ireland,Oil products,Total energy supply (PJ),68,79,100,101,97,128,124,140,153,144,179,162,118,119,111,125,109,96,88,109,113,105,113,120,124,142,131,153,199,173,183,187,177,212,189,190,181,174,186,168,134,115,133,127,113,135,118,133,148,121,133
Ireland,Natural gas,Total energy supply (PJ),0,0,0,0,0,0,0,0,19,31,47,69,74,79,83,57,57,68,77,78,80,79,90,92,98,111,116,117,125,144,150,154,153,153,146,166,178,189,179,197,173,169,161,156,157,178,181,188,191,191,183
Ireland,Nuclear,Total energy supply (PJ),0,0,0,0,0,0,0,0,0,0,0,0,0,0,0,0,0,0,0,0,0,0,0,0,0,0,0,0,0,0,0,0,0,0,0,0,0,0,0,0,0,0,0,0,0,0,0,0,0,0,0
Ireland,Renewables,Total energy supply (PJ),2,2,2,3,2,2,3,3,3,3,3,3,3,2,3,3,2,3,2,7,7,7,7,7,6,7,8,10,9,10,10,11,10,12,15,18,20,24,28,28,34,36,39,44,49,49,59,66,73,79,72
Israel,"Coal",Total energy supply (PJ),0,0,0,0,0,0,0,0,0,0,0,24,44,71,77,86,91,89,97,96,104,129,145,154,169,201,222,238,233,271,294,324,327,332,310,331,336,326,299,310,320,360,295,280,277,230,208,200,199,189,158
Israel,"Petrol/NGL",Total energy supply (PJ),265,270,370,296,328,315,320,340,338,316,294,352,312,298,268,300,329,329,336,369,371,492,516,527,497,466,496,517,473,486,477,467,484,451,472,504,474,537,532,536,531,501,620,626,624,596,606,620,640,534,564
Israel,Oil products,Total energy supply (PJ),-30,-43,-47,-53,-36,-46,-52,-56,-22,7,6,-48,-50,-51,-39,-20,-17,24,24,1,-8,-82,-97,-78,-33,-17,-32,-53,-22,-14,9,-27,-9,-44,-90,-86,-56,-66,-105,-93,-86,35,-224,-267,-243,-199,-221,-224,-263,-202,-215
Israel,Natural gas,Total energy supply (PJ),4,4,2,2,2,2,2,2,3,5,5,3,2,2,2,1,1,1,1,1,1,1,1,1,1,1,1,0,0,0,0,0,0,40,55,78,93,128,143,184,171,88,207,228,252,287,305,323,322,406,422
Israel,Nuclear,Total energy supply (PJ),0,0,0,0,0,0,0,0,0,0,0,0,0,0,0,0,0,0,0,0,0,0,0,0,0,0,0,0,0,0,0,0,0,0,0,0,0,0,0,0,0,0,0,0,0,0,0,0,0,0,0
Israel,Renewables,Total energy supply (PJ),0,0,0,0,0,0,0,0,0,0,0,0,0,0,10,12,13,14,14,15,16,17,18,19,20,21,22,23,23,25,27,28,29,31,31,31,32,46,45,49,48,16,17,20,23,26,27,27,37,43,48
Italy,"Coal",Total energy supply (PJ),358,341,339,388,349,370,368,384,437,489,527,556,517,589,640,589,614,582,576,613,578,510,446,476,514,471,475,493,493,526,559,575,623,695,690,698,684,661,518,572,642,658,567,547,515,460,391,358,271,213,232
Italy,"Petrol/NGL",Total energy supply (PJ),4725,4867,5147,4776,3904,4152,4253,4531,4671,3859,3766,3441,3223,3160,3055,3422,3269,3314,3380,3476,3558,3548,3592,3583,3671,3629,3918,4062,3868,3942,3984,3986,4016,4093,4181,4099,4216,3917,3570,3706,3551,3318,2898,2694,3062,2940,3095,2902,2898,2388,2662
Italy,Oil products,Total energy supply (PJ),-1413,-1358,-1367,-1051,-463,-487,-746,-912,-878,-165,-207,-70,153,35,137,-209,103,102,182,12,-31,5,-59,-104,143,137,-139,-291,-215,-305,-389,-371,-443,-629,-821,-798,-1014,-885,-737,-972,-925,-993,-665,-535,-820,-782,-918,-770,-802,-576,-596
Italy,Natural gas,Total energy supply (PJ),454,527,596,669,765,925,929,937,949,952,918,911,937,1108,1139,1208,1342,1427,1543,1633,1736,1721,1756,1697,1870,1929,1988,2141,2327,2426,2432,2416,2664,2764,2958,2897,2911,2911,2675,2849,2672,2569,2403,2123,2315,2432,2577,2492,2552,2440,2614
Italy,Nuclear,Total energy supply (PJ),37,40,34,37,41,42,37,48,29,24,30,74,63,75,77,96,2,0,0,0,0,0,0,0,0,0,0,0,0,0,0,0,0,0,0,0,0,0,0,0,0,0,0,0,0,0,0,0,0,0,0
Italy,Renewables,Total energy supply (PJ),246,252,235,277,284,276,313,288,292,297,292,287,287,297,281,293,292,302,287,278,320,336,338,350,330,357,370,389,424,434,445,468,560,570,619,674,744,857,914,959,928,1047,1152,1158,1148,1139,1143,1165,1181,1175,1194
Japan,"Coal",Total energy supply (PJ),2346,2292,2423,2576,2390,2365,2229,1950,2144,2493,2779,2695,2582,2909,3042,2877,2819,3140,3123,3211,3291,3199,3210,3399,3513,3607,3717,3494,3722,4062,4141,4312,4441,4856,4625,4686,4890,4776,4256,4833,4518,4721,5128,4931,4985,4875,4876,4784,4687,4271,4569
Japan,"Petrol/NGL",Total energy supply (PJ),7907,8617,10301,9976,9479,9769,10052,9738,10029,9137,8335,7953,7632,7762,7090,6980,6635,7042,7496,8500,8651,9222,9213,9795,9520,9513,9638,9272,9089,9127,8689,8708,8854,8733,8937,8632,8767,8417,7700,7698,7522,7580,7555,7168,7048,6956,6741,6362,6268,5075,5353
Japan,Oil products,Total energy supply (PJ),418,506,121,138,1,389,460,677,723,647,767,869,1111,1176,1314,1651,2022,2352,2348,1918,1625,1458,1199,1201,1499,1579,1229,1250,1580,1470,1492,1571,1488,1446,1150,1078,755,477,640,725,1083,1148,856,811,663,475,645,607,469,1133,955
Japan,Natural gas,Total energy supply (PJ),139,144,212,281,323,380,466,656,780,896,922,952,1003,1362,1465,1487,1513,1573,1701,1847,1945,1989,2040,2176,2226,2352,2452,2507,2654,2748,2781,2784,2983,2952,2958,3242,3475,3462,3439,3601,4204,4356,4409,4427,4206,4310,4186,4010,3852,3858,3631
Japan,Nuclear,Total energy supply (PJ),87,104,106,215,274,372,345,647,768,901,958,1117,1247,1465,1741,1836,2048,1949,1995,2207,2329,2436,2719,2936,3177,3297,3482,3626,3454,3513,3489,3219,2618,3081,3325,3310,2878,2816,3052,3144,1110,174,101,0,103,197,359,708,696,423,772
Japan,Renewables,Total energy supply (PJ),303,306,250,301,304,308,273,274,323,350,348,500,525,491,543,535,523,591,609,610,641,588,624,534,635,663,709,693,677,679,650,713,774,786,760,808,782,783,800,913,939,919,986,1025,1095,1134,1238,1298,1344,1363,1451
Korea,"Coal",Total energy supply (PJ),263,273,341,362,367,404,436,428,507,567,646,664,717,853,941,990,990,1065,1064,1063,1051,931,1042,1071,1114,1201,1333,1355,1442,1690,1824,1972,2038,2102,2079,2212,2354,2634,2718,3075,3360,3227,3261,3421,3384,3411,3458,3372,3351,3109,3140
Korea,"Petrol/NGL",Total energy supply (PJ),494,535,597,651,681,765,893,966,1057,1040,1038,1034,1128,1177,1144,1297,1255,1541,1705,1810,2306,2947,3234,3320,3764,4256,5201,4835,5150,5296,5060,4648,4563,4942,4974,5101,5111,5026,4815,5066,5360,5464,5312,5380,5903,6218,6407,6504,6084,5669,5732
Korea,Oil products,Total energy supply (PJ),-51,-40,-39,-39,-30,-38,-14,23,64,76,-29,57,1,-41,-57,-64,-20,-60,-100,272,38,-64,33,172,51,-180,-814,-1204,-1177,-1149,-1049,-566,-543,-908,-1102,-1307,-1156,-1274,-1022,-1083,-1437,-1393,-1269,-1346,-1604,-1621,-1840,-1884,-1712,-1427,-1061
Korea,Natural gas,Total energy supply (PJ),0,0,0,0,0,0,0,0,0,0,0,0,0,0,0,3,79,103,99,114,132,170,217,287,348,457,558,523,637,712,785,888,921,1059,1146,1202,1305,1332,1328,1618,1741,1883,1994,1806,1647,1730,1809,1990,2046,2072,2278
Korea,Nuclear,Total energy supply (PJ),0,0,0,0,0,0,1,25,34,38,32,41,98,129,183,309,429,437,517,577,614,617,634,640,731,806,841,978,1124,1189,1223,1299,1415,1426,1601,1623,1559,1647,1612,1621,1688,1640,1514,1706,1797,1767,1619,1456,1592,1747,1724
Korea,Renewables,Total energy supply (PJ),5,5,5,7,6,6,5,7,8,7,10,7,10,9,13,14,19,13,17,54,40,41,47,38,51,45,50,59,63,74,76,79,95,101,105,117,131,142,146,168,190,207,231,266,283,313,358,364,363,388,402
Latvia,"Coal",Total energy supply (PJ),..,..,..,..,..,..,..,..,..,..,..,..,..,..,..,..,..,..,..,30,26,23,21,16,11,11,9,7,5,6,5,4,4,3,3,4,4,4,4,5,5,4,3,2,2,2,2,2,2,1,1
Latvia,"Petrol/NGL",Total energy supply (PJ),..,..,..,..,..,..,..,..,..,..,..,..,..,..,..,..,..,..,..,0,0,0,0,0,0,0,0,0,1,4,1,1,0,0,0,1,1,1,0,0,0,0,0,0,0,0,0,0,0,0,0
Latvia,Oil products,Total energy supply (PJ),..,..,..,..,..,..,..,..,..,..,..,..,..,..,..,..,..,..,..,143,124,105,97,94,78,80,71,70,60,49,52,50,56,58,59,64,68,64,58,59,53,53,54,55,57,57,59,60,58,56,58
Latvia,Natural gas,Total energy supply (PJ),..,..,..,..,..,..,..,..,..,..,..,..,..,..,..,..,..,..,..,100,100,72,48,35,42,36,44,43,41,46,53,54,56,56,57,59,57,56,51,61,54,51,50,45,46,47,42,49,46,38,40
Latvia,Nuclear,Total energy supply (PJ),..,..,..,..,..,..,..,..,..,..,..,..,..,..,..,..,..,..,..,0,0,0,0,0,0,0,0,0,0,0,0,0,0,0,0,0,0,0,0,0,0,0,0,0,0,0,0,0,0,0,0
Latvia,Renewables,Total energy supply (PJ),..,..,..,..,..,..,..,..,..,..,..,..,..,..,..,..,..,..,..,45,45,42,46,49,53,51,55,59,53,50,55,53,55,61,62,60,59,58,66,61,62,71,70,70,67,70,82,80,78,78,82
Lithuania,"Coal",Total energy supply (PJ),..,..,..,..,..,..,..,..,..,..,..,..,..,..,..,..,..,..,..,33,37,17,15,13,10,9,8,7,6,4,3,6,7,7,8,11,10,9,7,9,10,10,11,9,8,8,8,9,8,6,8
Lithuania,"Petrol/NGL",Total energy supply (PJ),..,..,..,..,..,..,..,..,..,..,..,..,..,..,..,..,..,..,..,399,501,176,220,165,141,180,237,291,195,210,294,284,307,373,398,356,249,409,373,397,405,388,410,343,379,419,428,419,409,336,344
Lithuania,Oil products,Total energy supply (PJ),..,..,..,..,..,..,..,..,..,..,..,..,..,..,..,..,..,..,..,-118,-185,-8,-65,-23,-16,-49,-103,-137,-74,-124,-187,-181,-210,-267,-286,-245,-138,-285,-267,-290,-302,-282,-306,-240,-274,-305,-312,-295,-288,-220,-228
Lithuania,Natural gas,Total energy supply (PJ),..,..,..,..,..,..,..,..,..,..,..,..,..,..,..,..,..,..,..,196,203,116,63,72,85,91,84,73,76,86,90,91,99,98,104,103,121,109,91,104,114,111,91,86,87,77,80,74,78,83,79
Lithuania,Nuclear,Total energy supply (PJ),..,..,..,..,..,..,..,..,..,..,..,..,..,..,..,..,..,..,..,189,188,163,137,87,132,155,134,150,110,94,126,157,171,167,115,96,109,110,120,0,0,0,0,0,0,0,0,0,0,0,0
Lithuania,Renewables,Total energy supply (PJ),..,..,..,..,..,..,..,..,..,..,..,..,..,..,..,..,..,..,..,13,13,13,19,20,21,22,23,25,26,28,31,32,33,35,37,39,40,43,44,45,44,49,51,54,60,63,67,67,67,71,80
Luxembourg,"Coal",Total energy supply (PJ),105,103,102,112,82,79,71,82,77,76,63,58,52,60,60,55,44,46,48,46,44,41,42,36,20,19,12,4,4,5,5,3,2,3,3,4,3,3,3,3,2,2,2,2,2,2,2,2,2,2,2
Luxembourg,"Petrol/NGL",Total energy supply (PJ),0,0,0,0,0,0,0,0,0,0,0,0,0,0,0,0,0,0,0,0,0,0,0,0,0,0,0,0,0,0,0,0,0,0,0,0,0,0,0,0,0,0,0,0,0,0,0,0,0,0,0
Luxembourg,Oil products,Total energy supply (PJ),57,59,67,59,53,56,57,56,51,43,42,41,40,39,41,45,50,52,57,62,73,75,75,74,68,70,71,73,77,84,89,90,97,111,115,109,104,105,98,103,107,103,101,96,92,89,92,97,99,78,82
Luxembourg,Natural gas,Total energy supply (PJ),1,5,9,12,14,16,17,19,20,18,14,11,11,12,13,13,14,15,17,18,19,20,20,20,23,26,26,26,27,28,31,45,45,50,49,52,48,46,47,50,43,44,37,35,32,30,29,29,29,26,28
Luxembourg,Nuclear,Total energy supply (PJ),0,0,0,0,0,0,0,0,0,0,0,0,0,0,0,0,0,0,0,0,0,0,0,0,0,0,0,0,0,0,0,0,0,0,0,0,0,0,0,0,0,0,0,0,0,0,0,0,0,0,0
Luxembourg,Renewables,Total energy supply (PJ),0,0,0,0,0,0,1,1,1,1,1,1,1,1,1,1,1,2,1,1,1,2,2,2,2,2,2,2,2,3,3,3,3,4,4,5,7,7,6,7,7,7,8,9,10,11,13,14,15,18,19
Mexico,"Coal",Total energy supply (PJ),63,71,76,84,94,73,104,104,99,99,93,104,113,113,123,132,129,119,133,173,168,161,198,220,241,272,276,284,281,288,329,369,463,412,509,547,497,439,443,555,609,532,541,530,479,518,531,514,494,369,319
Mexico,"Petrol/NGL",Total energy supply (PJ),1076,1188,1300,1436,1533,1753,1934,2111,2303,2846,3087,3174,2909,3051,3157,3096,3237,3265,3381,3449,3568,3563,3661,3731,3569,3396,3405,3454,3570,3234,3474,3473,3690,3743,3851,3683,3591,3648,3663,3263,3280,3414,3458,3364,2907,2484,1999,1620,1628,1599,1795
Mexico,Oil products,Total energy supply (PJ),-10,30,59,20,41,15,-16,15,-24,-148,-201,-194,-197,-181,-184,-188,-149,-128,-38,-66,4,25,-18,36,-96,48,258,279,338,506,419,291,253,294,421,465,575,666,458,690,813,880,675,679,875,1197,1594,1721,1849,1428,1478
Mexico,Natural gas,Total energy supply (PJ),367,394,439,459,470,461,485,613,748,801,866,948,950,960,999,886,899,908,880,968,1011,1017,1007,1041,1041,1148,1203,1301,1277,1486,1516,1686,1864,1933,1930,2158,2146,2169,2258,2271,2391,2483,2603,2534,2707,2771,2621,3028,2874,2945,3034
Mexico,Nuclear,Total energy supply (PJ),0,0,0,0,0,0,0,0,0,0,0,0,0,0,0,0,0,0,4,32,46,43,54,46,92,86,114,101,109,90,95,106,115,100,118,119,114,107,115,64,110,96,129,106,126,115,119,149,122,123,130
Mexico,Renewables,Total energy supply (PJ),302,307,324,341,337,347,359,361,390,382,407,418,416,437,454,503,545,552,565,628,644,676,676,629,673,689,672,677,699,708,667,643,658,691,738,718,734,672,598,635,626,618,630,668,648,655,700,698,711,689,717
Netherlands,"Coal",Total energy supply (PJ),142,119,120,121,93,97,100,122,138,159,191,156,217,276,277,277,284,339,341,367,336,335,337,367,374,361,352,358,313,325,346,348,360,355,339,330,352,334,312,316,311,341,340,377,464,430,386,347,269,172,237
Netherlands,"Petrol/NGL",Total energy supply (PJ),2617,2987,3134,2757,2436,2779,2598,2457,2554,2158,1740,1692,1867,2050,1826,2145,2215,2329,2321,2204,2374,2448,2497,2493,2660,2711,2706,2758,2613,2637,2645,2451,2571,2655,2685,2623,2567,2546,2493,2604,2512,2499,2400,2440,2581,2621,2620,2645,2684,2449,2543
Netherlands,Oil products,Total energy supply (PJ),-1464,-1740,-1858,-1637,-1416,-1564,-1460,-1277,-1252,-950,-645,-782,-996,-1164,-982,-1208,-1270,-1349,-1357,-1161,-1345,-1401,-1440,-1418,-1552,-1590,-1565,-1609,-1457,-1490,-1470,-1243,-1266,-1356,-1394,-1319,-1259,-1313,-1295,-1354,-1321,-1300,-1253,-1334,-1478,-1474,-1454,-1516,-1606,-1387,-1474
Netherlands,Natural gas,Total energy supply (PJ),836,1081,1193,1281,1315,1374,1356,1363,1373,1274,1212,1147,1221,1290,1355,1362,1407,1275,1306,1287,1439,1394,1435,1397,1444,1591,1497,1487,1448,1466,1502,1499,1507,1539,1479,1434,1396,1451,1486,1678,1467,1402,1398,1218,1199,1257,1305,1287,1342,1316,1262
Netherlands,Nuclear,Total energy supply (PJ),4,4,12,36,36,42,40,44,38,46,40,43,39,40,43,46,39,40,44,38,36,41,43,43,44,45,26,42,42,43,43,43,44,42,44,38,46,45,46,43,45,43,32,45,44,43,37,38,43,45,42
Netherlands,Renewables,Total energy supply (PJ),0,0,0,0,8,8,8,11,10,10,9,2,2,0,4,5,6,15,16,42,42,43,47,47,52,62,69,73,77,81,85,92,93,105,125,130,136,154,168,167,176,180,177,177,195,200,215,226,256,308,356
New Zealand,"Coal",Total energy supply (PJ),42,43,47,47,44,45,42,47,40,43,42,42,46,45,42,36,43,50,44,50,44,39,57,51,48,38,49,47,52,46,59,48,77,90,92,82,70,82,61,54,58,69,62,53,57,48,48,52,55,59,63
New Zealand,"Petrol/NGL",Total energy supply (PJ),135,151,147,163,137,161,150,137,142,134,127,106,114,117,86,108,149,164,190,183,181,179,195,219,214,219,240,247,221,227,223,235,229,222,218,220,210,222,219,229,237,253,240,233,249,238,236,238,235,166,171
New Zealand,Oil products,Total energy supply (PJ),13,18,28,28,37,24,35,36,25,34,31,50,38,39,80,31,-11,-29,-39,-36,-33,-17,-29,-19,2,10,2,-6,16,12,10,6,28,38,38,39,52,40,43,30,18,18,26,43,35,38,41,29,48,92,112
New Zealand,Natural gas,Total energy supply (PJ),4,10,12,13,14,34,57,54,36,33,41,72,78,99,127,153,147,159,163,162,176,187,182,170,160,183,196,174,201,212,223,212,162,145,135,139,153,143,147,156,143,161,167,184,171,176,178,161,168,162,139
New Zealand,Nuclear,Total energy supply (PJ),0,0,0,0,0,0,0,0,0,0,0,0,0,0,0,0,0,0,0,0,0,0,0,0,0,0,0,0,0,0,0,0,0,0,0,0,0,0,0,0,0,0,0,0,0,0,0,0,0,0,0
New Zealand,Renewables,Total energy supply (PJ),92,97,96,115,125,117,115,122,126,133,132,127,136,139,134,143,145,152,173,177,180,172,187,192,199,194,187,197,196,211,195,207,202,220,214,219,224,230,252,279,291,287,303,324,335,337,334,343,346,338,344
Norway,"Coal",Total energy supply (PJ),39,42,38,43,41,41,35,37,42,42,39,43,39,48,49,44,41,41,40,36,33,32,36,41,43,42,43,45,44,44,40,34,33,39,32,30,34,36,23,32,35,34,32,36,34,32,35,34,34,34,35
Norway,"Petrol/NGL",Total energy supply (PJ),238,248,257,255,314,350,356,358,356,351,338,320,339,356,350,329,420,394,454,583,570,621,636,644,590,640,648,646,649,658,603,803,885,967,1041,1107,991,1017,1031,880,953,934,973,938,886,906,1076,1068,964,894,844
Norway,Oil products,Total energy supply (PJ),63,62,60,43,-8,-25,-3,20,8,15,2,-6,-20,-18,-12,25,-48,-68,-99,-242,-202,-292,-286,-334,-256,-307,-304,-302,-283,-281,-274,-457,-467,-466,-526,-566,-579,-522,-511,-383,-562,-504,-477,-527,-628,-531,-619,-662,-597,-518,-481
Norway,Natural gas,Total energy supply (PJ),0,0,0,1,7,12,17,29,30,36,36,40,47,42,49,89,62,72,75,83,81,136,155,164,145,125,164,180,199,174,258,180,217,169,170,168,204,233,227,267,212,230,235,240,260,233,209,231,209,190,210
Norway,Nuclear,Total energy supply (PJ),0,0,0,0,0,0,0,0,0,0,0,0,0,0,0,0,0,0,0,0,0,0,0,0,0,0,0,0,0,0,0,0,0,0,0,0,0,0,0,0,0,0,0,0,0,0,0,0,0,0,0
Norway,Renewables,Total energy supply (PJ),228,243,262,276,278,313,278,310,343,325,361,359,408,411,402,383,410,430,465,479,438,460,473,450,485,420,444,471,501,568,485,520,437,447,548,489,541,565,514,496,512,589,537,554,567,591,602,592,557,628,651
Poland,"Coal",Total energy supply (PJ),2958,3008,3128,3265,3383,3587,3681,4017,4158,4179,3835,4179,4099,3897,4126,4256,4411,4349,4021,3302,3252,3156,3115,2882,2946,3024,2945,2656,2550,2359,2335,2297,2353,2268,2288,2389,2329,2298,2155,2292,2287,2125,2221,2064,2024,2059,2069,2068,1842,1711,1901
Poland,"Petrol/NGL",Total energy supply (PJ),351,420,459,483,578,652,693,714,699,679,572,563,573,572,590,595,596,620,630,531,497,554,570,583,606,654,641,687,728,779,790,771,754,784,790,889,897,937,920,1000,1054,1075,1034,1032,1115,1104,1097,1171,1175,1099,1090
Poland,Oil products,Total energy supply (PJ),-3,-20,-12,-1,1,-63,-43,-26,-7,18,54,30,48,64,56,69,48,43,34,15,48,11,16,30,49,83,116,88,71,23,35,58,79,108,112,80,95,90,86,63,17,-55,-104,-111,-139,-24,118,74,87,111,190
Poland,Natural gas,Total energy supply (PJ),239,252,262,269,288,308,326,344,358,367,346,346,354,368,374,396,409,406,399,374,349,325,341,344,377,395,394,398,388,417,434,423,471,497,512,527,523,526,505,536,537,573,575,561,577,613,647,675,679,716,763
Poland,Nuclear,Total energy supply (PJ),0,0,0,0,0,0,0,0,0,0,0,0,0,0,0,0,0,0,0,0,0,0,0,0,0,0,0,0,0,0,0,0,0,0,0,0,0,0,0,0,0,0,0,0,0,0,0,0,0,0,0
Poland,Renewables,Total energy supply (PJ),58,65,58,63,65,61,65,60,54,59,70,64,68,77,83,117,106,106,102,99,92,95,195,197,199,189,183,167,161,163,175,178,179,186,194,208,212,243,276,321,351,378,378,382,397,398,408,548,566,574,573
Portugal,"Coal",Total energy supply (PJ),24,17,21,17,17,16,15,19,18,18,16,13,18,18,32,60,77,88,107,115,122,124,132,139,151,144,148,130,159,159,134,146,137,141,140,139,121,106,120,69,92,123,111,112,136,119,135,113,52,24,8
Portugal,"Petrol/NGL",Total energy supply (PJ),174,184,179,248,242,247,249,278,354,325,343,342,353,321,308,361,327,347,431,447,418,475,460,564,575,529,560,602,576,525,555,529,565,560,574,616,563,547,485,509,462,498,590,530,635,627,650,592,538,500,468
Portugal,Oil products,Total energy supply (PJ),12,15,35,-18,12,29,10,2,-41,9,-4,41,27,56,34,6,29,13,18,3,33,33,18,-85,-22,2,3,34,69,95,82,133,47,55,61,-56,-3,-13,14,-27,-18,-105,-197,-142,-244,-241,-260,-220,-145,-147,-112
Portugal,Natural gas,Total energy supply (PJ),0,0,0,0,0,0,0,0,0,0,0,0,0,0,0,0,0,0,0,0,0,0,0,0,0,0,4,29,81,85,94,114,110,138,157,152,159,173,177,188,187,165,157,145,170,181,227,210,221,217,207
Portugal,Nuclear,Total energy supply (PJ),0,0,0,0,0,0,0,0,0,0,0,0,0,0,0,0,0,0,0,0,0,0,0,0,0,0,0,0,0,0,0,0,0,0,0,0,0,0,0,0,0,0,0,0,0,0,0,0,0,0,0
Portugal,Renewables,Total energy supply (PJ),52,53,53,55,50,44,64,70,73,59,49,58,64,70,77,73,77,89,100,137,137,119,134,143,139,159,157,156,141,161,172,153,182,163,151,182,193,187,206,235,223,189,229,238,214,244,210,236,233,244,254
Slovak Republic,"Coal",Total energy supply (PJ),337,342,333,332,331,328,336,355,349,343,334,340,340,362,359,331,348,363,348,328,291,257,256,229,226,223,213,196,191,179,185,179,192,189,177,187,168,168,162,163,155,146,144,143,137,135,141,140,114,97,118
Slovak Republic,"Petrol/NGL",Total energy supply (PJ),236,258,284,299,323,344,358,372,374,407,377,335,337,333,335,340,346,337,333,259,211,182,178,200,215,218,221,226,225,226,242,247,246,249,238,242,258,253,247,238,260,234,252,229,259,250,243,236,221,242,240
Slovak Republic,Oil products,Total energy supply (PJ),-53,-61,-59,-62,-69,-73,-69,-77,-85,-94,-82,-76,-80,-81,-83,-92,-101,-97,-104,-71,-45,-36,-56,-69,-74,-80,-75,-83,-95,-108,-117,-103,-112,-114,-93,-101,-109,-98,-104,-86,-112,-96,-116,-103,-122,-105,-82,-72,-67,-86,-76
Slovak Republic,Natural gas,Total energy supply (PJ),55,60,65,80,91,101,114,128,132,97,101,105,108,123,126,135,143,140,159,213,189,208,206,197,218,230,234,237,240,242,258,246,237,230,246,225,213,216,185,210,194,183,191,158,162,163,173,171,171,171,191
Slovak Republic,Nuclear,Total energy supply (PJ),0,0,3,5,2,5,1,0,23,49,56,64,67,79,102,128,126,125,133,131,128,121,125,137,125,123,121,124,143,180,189,198,197,188,196,199,169,184,156,161,170,171,174,171,167,163,167,164,169,170,174
Slovak Republic,Renewables,Total energy supply (PJ),14,14,13,15,15,15,16,16,14,16,14,13,12,11,14,12,13,13,13,14,11,12,29,35,30,30,30,29,33,34,34,33,28,32,36,37,42,41,49,57,56,59,64,66,74,74,75,74,99,98,104
Slovenia,"Coal",Total energy supply (PJ),..,..,..,..,..,..,..,..,..,..,..,..,..,..,..,..,..,..,..,66,60,63,60,56,58,53,59,60,55,55,60,66,62,64,64,66,67,64,60,61,61,58,57,44,45,48,48,47,45,43,39
Slovenia,"Petrol/NGL",Total energy supply (PJ),..,..,..,..,..,..,..,..,..,..,..,..,..,..,..,..,..,..,..,25,27,25,25,17,27,23,26,11,14,7,0,0,0,0,0,0,0,0,0,0,0,0,0,0,0,0,0,0,0,0,0
Slovenia,Oil products,Total energy supply (PJ),..,..,..,..,..,..,..,..,..,..,..,..,..,..,..,..,..,..,..,48,45,42,56,70,70,89,86,93,95,92,103,100,101,105,106,110,107,125,107,108,107,104,98,97,95,100,101,101,98,84,92
Slovenia,Natural gas,Total energy supply (PJ),..,..,..,..,..,..,..,..,..,..,..,..,..,..,..,..,..,..,..,32,30,26,26,26,31,31,33,34,36,35,36,34,38,38,39,38,38,37,35,36,31,30,29,26,28,30,31,30,31,31,32
Slovenia,Nuclear,Total energy supply (PJ),..,..,..,..,..,..,..,..,..,..,..,..,..,..,..,..,..,..,..,50,54,43,43,50,52,51,55,55,51,52,57,60,57,60,64,61,62,68,63,62,68,60,58,69,62,62,69,63,64,69,62
Slovenia,Renewables,Total energy supply (PJ),..,..,..,..,..,..,..,..,..,..,..,..,..,..,..,..,..,..,..,22,24,23,22,23,23,24,22,23,23,38,41,35,36,40,43,40,42,46,47,49,46,47,51,53,47,49,47,49,49,50,53
Spain,"Coal",Total energy supply (PJ),375,382,377,366,408,394,425,396,451,520,642,714,751,763,817,804,782,662,824,807,840,857,770,794,795,672,767,732,821,877,803,905,843,879,861,761,834,578,432,325,522,638,464,479,559,441,536,471,211,123,130
Spain,"Petrol/NGL",Total energy supply (PJ),1502,1603,1838,1919,1871,2177,2038,2150,2079,2107,2009,1913,1950,1917,1956,2128,2032,2200,2237,2298,2354,2399,2280,2391,2392,2336,2412,2594,2548,2462,2437,2438,2441,2533,2551,2584,2501,2551,2405,2386,2368,2578,2549,2566,2761,2723,2769,2859,2762,2373,2487
Spain,Oil products,Total energy supply (PJ),-241,-311,-263,-169,-84,-191,-183,-110,-71,-24,-36,-99,-165,-240,-328,-516,-382,-344,-385,-394,-378,-344,-322,-278,-152,-133,-115,-121,15,117,233,244,309,275,277,225,323,151,103,30,-92,-489,-569,-625,-722,-624,-556,-643,-605,-527,-467
Spain,Natural gas,Total energy supply (PJ),15,30,40,38,37,48,46,50,58,61,71,77,83,79,90,96,109,140,187,208,234,245,240,264,323,362,473,486,556,637,687,785,894,1054,1250,1308,1331,1462,1307,1303,1211,1196,1095,991,1027,1048,1142,1134,1294,1169,1232
Spain,Nuclear,Total energy supply (PJ),28,52,71,79,82,82,71,83,73,57,104,96,116,252,306,409,450,551,612,592,606,609,612,603,605,615,603,644,642,679,695,687,675,694,628,656,601,643,576,676,630,671,619,625,624,640,633,608,637,636,617
Spain,Renewables,Total energy supply (PJ),115,128,105,111,95,77,146,148,169,118,92,109,112,130,131,114,119,148,220,263,259,217,237,253,239,302,289,294,263,293,347,293,390,374,359,394,432,455,544,643,636,690,756,759,712,729,689,753,755,782,835
Sweden,"Coal",Total energy supply (PJ),72,62,68,75,81,78,62,63,75,71,61,68,86,104,122,129,126,124,117,124,118,111,114,123,121,127,110,106,102,103,115,119,112,123,110,113,112,102,81,104,104,92,93,88,89,86,86,92,83,64,72
Sweden,"Petrol/NGL",Total energy supply (PJ),487,480,449,431,483,612,628,620,671,709,605,534,595,585,605,668,671,651,715,717,695,720,758,748,755,805,842,831,813,852,813,789,837,874,835,833,750,872,818,827,789,870,700,771,783,792,786,849,658,704,797
Sweden,Oil products,Total energy supply (PJ),635,663,719,647,579,557,512,436,451,239,313,288,153,117,132,62,9,44,-66,-118,-102,-129,-173,-122,-117,-161,-225,-209,-205,-284,-235,-119,-197,-252,-237,-268,-209,-306,-322,-244,-214,-342,-202,-284,-413,-366,-367,-392,-243,-354,-407
Sweden,Natural gas,Total energy supply (PJ),0,0,0,0,0,0,0,0,0,0,0,0,0,0,3,9,11,15,20,24,26,29,32,32,32,34,33,33,33,32,37,37,37,37,35,37,38,35,46,61,49,42,40,33,30,34,39,42,39,52,42
Sweden,Nuclear,Total energy supply (PJ),1,16,23,22,131,174,217,259,230,289,411,426,447,556,639,763,735,757,716,744,837,693,670,798,763,810,763,803,798,625,787,743,735,845,790,731,731,697,569,631,660,699,725,708,615,688,717,748,721,537,578
Sweden,Renewables,Total energy supply (PJ),308,314,364,354,357,345,334,363,385,385,394,372,425,459,481,446,489,486,489,492,469,518,535,489,547,506,581,603,576,637,617,573,546,577,641,626,654,674,684,739,717,809,753,761,844,817,875,831,884,934,998
Switzerland,"Coal",Total energy supply (PJ),19,15,14,12,9,8,9,9,9,14,20,18,16,21,21,18,17,15,15,15,13,9,7,7,8,6,5,4,4,6,6,6,6,5,6,6,7,7,6,6,6,5,5,6,5,5,5,4,4,4,4
Switzerland,"Petrol/NGL",Total energy supply (PJ),231,233,267,258,203,212,199,185,200,199,174,175,186,182,181,186,180,173,133,133,203,185,207,211,202,229,215,219,221,201,212,211,199,226,211,239,206,221,210,196,192,149,213,214,124,130,125,133,120,124,102
Switzerland,Oil products,Total energy supply (PJ),316,325,337,282,307,319,334,362,325,325,308,279,312,297,306,337,308,324,334,380,315,336,285,287,262,243,283,281,265,260,299,270,270,245,269,252,232,244,272,237,226,269,236,179,266,236,246,218,244,214,226
Switzerland,Natural gas,Total energy supply (PJ),2,4,6,13,22,23,26,28,32,36,39,41,45,51,53,54,58,59,64,68,77,81,85,83,92,100,96,99,102,102,106,104,110,113,117,113,110,118,113,126,112,123,129,112,119,125,126,120,123,119,130
Switzerland,Nuclear,Total energy supply (PJ),15,42,69,77,85,87,89,92,129,157,168,166,172,202,247,247,252,249,250,259,251,257,256,267,273,275,278,283,283,290,294,298,301,295,256,305,306,303,303,289,293,279,285,302,253,232,224,280,290,264,213
Switzerland,Renewables,Total energy supply (PJ),106,97,111,108,129,102,137,131,133,138,152,158,155,138,147,153,159,164,142,169,183,186,197,207,194,175,190,191,219,209,228,207,208,205,199,203,218,226,224,231,215,244,248,244,249,244,247,250,266,267,271
Turkey,"Coal",Total energy supply (PJ),181,213,216,234,241,262,276,261,274,293,300,334,370,420,505,560,590,574,630,652,674,689,646,646,669,772,856,884,814,956,790,820,924,931,937,1108,1243,1229,1271,1307,1368,1449,1268,1400,1445,1605,1678,1710,1754,1674,1721
Turkey,"Petrol/NGL",Total energy supply (PJ),382,471,556,555,559,578,623,562,477,552,584,700,696,772,776,828,992,1034,916,988,909,937,1041,1035,1130,1097,1119,1146,1077,999,1063,1089,1101,1080,1072,1102,1067,987,688,873,918,938,918,867,1163,1184,1224,1043,1493,1390,1466
Turkey,Oil products,Total energy supply (PJ),2,-35,-33,-23,11,52,102,158,147,102,67,-16,35,-38,-23,-21,-56,-125,-17,-8,-17,9,51,28,61,152,118,69,131,274,121,149,105,136,131,170,219,251,531,446,410,465,484,507,457,579,633,713,303,354,353
Turkey,Natural gas,Total energy supply (PJ),0,0,0,0,0,0,0,0,0,0,0,1,2,1,2,16,25,42,111,120,146,160,178,189,242,293,349,375,443,529,560,617,742,783,954,1087,1274,1264,1211,1314,1540,1560,1572,1683,1649,1602,1852,1717,1551,1663,2056
Turkey,Nuclear,Total energy supply (PJ),0,0,0,0,0,0,0,0,0,0,0,0,0,0,0,0,0,0,0,0,0,0,0,0,0,0,0,0,0,0,0,0,0,0,0,0,0,0,0,0,0,0,0,0,0,0,0,0,0,0,0
Turkey,Renewables,Total energy supply (PJ),254,275,282,289,309,327,335,348,364,365,371,386,382,389,378,388,414,453,414,404,403,419,445,435,451,470,470,481,448,424,393,421,420,452,426,435,404,391,417,489,472,511,553,511,665,736,762,857,1035,1073,1086
United Kingdom,"Coal",Total energy supply (PJ),3518,2959,3200,2850,2891,2939,2964,2819,3108,2880,2896,2702,2706,1973,2600,2748,2856,2759,2604,2642,2658,2493,2192,2083,1978,1859,1680,1633,1458,1530,1622,1565,1682,1555,1587,1727,1628,1521,1249,1297,1286,1631,1560,1262,1001,510,415,348,248,227,236
United Kingdom,"Petrol/NGL",Total energy supply (PJ),4519,4593,4855,4708,3985,4206,4020,4138,4175,3690,3254,3254,3263,3375,3468,3518,3531,3759,3852,3804,4045,4118,4283,4271,4211,4322,4300,4143,3925,3873,3608,3746,3771,4065,3880,3721,3638,3631,3383,3293,3337,3195,2884,2710,2710,2658,2681,2565,2551,2112,2094
United Kingdom,Oil products,Total energy supply (PJ),-300,-61,-296,-404,-191,-441,-230,-275,-321,-368,-235,-145,-339,195,-295,-382,-478,-526,-578,-607,-792,-809,-1016,-934,-969,-1086,-1209,-1051,-796,-807,-628,-794,-770,-1069,-827,-717,-777,-842,-742,-628,-808,-701,-494,-269,-189,-94,-100,-26,-98,-50,83
United Kingdom,Natural gas,Total energy supply (PJ),687,975,1051,1258,1317,1402,1490,1545,1693,1688,1711,1703,1775,1820,1953,1978,2039,1935,1915,1976,2130,2123,2419,2521,2726,3180,3191,3323,3525,3659,3628,3595,3596,3674,3579,3394,3432,3555,3270,3551,2945,2779,2754,2510,2591,2895,2817,2794,2753,2595,2755
United Kingdom,Nuclear,Total energy supply (PJ),301,320,305,367,331,394,437,406,418,404,414,480,545,589,666,644,603,692,783,717,770,838,975,963,971,1033,1071,1085,1038,928,983,958,967,873,890,823,688,573,754,678,753,768,770,695,767,782,767,710,613,548,501
United Kingdom,Renewables,Total energy supply (PJ),12,12,14,15,14,13,14,14,15,14,16,16,16,14,15,17,15,18,45,46,45,60,60,80,84,81,89,96,97,103,121,137,146,163,191,199,214,245,274,302,341,365,431,509,608,641,718,809,855,918,889
United States of America,"Coal",Total energy supply (PJ),11697,12115,13023,13065,12833,14289,14359,14940,15364,15752,16173,15510,16238,17139,17810,17267,18278,19000,19227,19241,19026,19304,19769,19883,19811,20541,21131,21221,21392,22317,21979,22294,22236,23089,23332,23009,23180,22804,20274,20997,20012,17738,18095,18072,15660,14301,13848,13426,11510,9280,10635
United States of America,"Petrol/NGL",Total energy supply (PJ),26902,28220,29708,28900,30955,32910,35751,35967,35935,33099,30921,29574,29096,29992,29798,31370,31670,32363,32652,32805,32400,32933,33919,34198,34318,35198,36325,36560,36311,37139,37523,37003,37781,38598,38167,38432,38154,37304,36046,36696,36715,36681,36733,38121,39085,39447,40577,41485,41098,36261,38352
United States of America,Oil products,Total energy supply (PJ),3327,4368,4518,3822,1518,1936,1559,1998,761,267,263,307,624,529,744,127,482,809,550,-1118,-1376,-1273,-1584,-1229,-1428,-1180,-1454,-1111,-282,-666,-441,-251,-99,151,735,-163,-317,-1796,-2509,-2929,-4015,-4364,-4344,-5754,-6029,-6609,-7490,-7919,-7804,-6860,-6384
United States of America,Natural gas,Total energy supply (PJ),21649,21855,21548,20900,19152,19646,18948,19247,19976,19968,19384,18011,17087,17677,17243,16245,17136,17807,18590,18353,19201,19578,20132,20543,21246,21067,21225,20882,21951,22933,21540,22384,21728,21341,21236,21024,22728,22653,22421,23282,23813,24908,25395,26276,27068,27335,26960,29055,31079,30105,30275
United States of America,Nuclear,Total energy supply (PJ),442,631,973,1323,2002,2210,2901,3196,2951,2904,3153,3270,3396,3789,4437,4788,5265,6094,6122,6672,7084,7156,7058,7406,7787,7802,7269,7790,8420,8702,8647,8777,8594,8873,8844,8904,9127,9140,9057,9152,8961,8740,8967,9061,9058,9163,9151,9178,9200,8980,8853
United States of America,Renewables,Total energy supply (PJ),2440,2575,2614,2770,2754,2929,2826,3226,3375,3478,3464,3635,3907,4225,4104,4236,4328,4175,4362,4194,4398,4635,4485,4472,4654,4880,4711,4652,4633,4613,4025,4128,4372,4492,4639,4851,4835,5072,5181,5479,5891,5884,6283,6463,6369,6592,6850,7266,7380,7267,7681
OECD Total,"Coal",Total energy supply (PJ),34344,33911,35434,35348,34418,36811,36943,37450,39452,40504,41005,40642,41286,42448,44515,43592,45004,45864,45883,45397,44630,43501,43037,43065,43017,44134,44827,44374,44055,46118,45907,46491,47204,48351,48200,48783,49304,47983,43386,45837,44928,43007,43355,42530,39879,37828,37265,36045,32339,27598,29940
OECD Total,"Petrol/NGL",Total energy supply (PJ),69761,74220,80499,77923,76393,81574,85194,85656,87818,81740,75697,71847,70167,71666,70246,73389,73699,76248,77619,79581,80445,82656,84765,86316,86641,88976,91854,92386,90881,91983,91852,90855,93083,95099,94787,94809,94066,92551,87865,88053,87825,88146,86995,87670,89884,89569,91222,90819,89932,79508,82868
OECD Total,Oil products,Total energy supply (PJ),2000,3007,2175,1635,1095,1379,550,2151,-143,65,727,1517,1675,1536,2038,925,1842,1692,1418,-410,-1344,-1783,-2800,-2586,-2106,-2173,-3842,-4145,-1720,-2860,-2209,-1630,-2052,-2803,-2464,-3504,-4098,-5614,-5095,-5011,-6407,-7291,-7085,-8561,-9794,-9487,-10433,-10609,-10266,-7661,-6483
OECD Total,Natural gas,Total energy supply (PJ),27506,28968,29640,29932,28734,29911,29739,30794,32481,32686,31983,30563,30075,31679,31985,31131,32728,33586,35035,35726,37416,37884,39252,40146,42188,43961,44449,44767,46917,49049,48366,49508,50377,50632,51272,51631,53715,54086,52888,55748,55711,56788,57852,56960,58046,60196,60847,63255,65406,64058,65547
OECD Total,Nuclear,Total energy supply (PJ),1131,1550,2060,2650,3666,4210,5237,6143,6304,6792,7998,8594,9670,11571,13767,15057,16175,17493,18096,19077,20074,20302,21009,21679,22554,23174,22866,23496,24257,24632,24997,25050,24487,25525,25774,25859,24968,24995,24585,24969,22772,21295,21412,21607,21506,21449,21337,21596,21665,20309,20886
OECD Total,Renewables,Total energy supply (PJ),7040,7310,7406,7846,7829,7953,8137,8691,9125,9266,9420,9753,10276,10770,10891,11087,11455,11537,11680,12123,12497,12885,13101,13087,13612,14004,13941,13985,14130,14387,13694,13962,14500,15074,15714,16333,16935,17680,17988,19240,19830,20834,22052,22288,22760,23366,24252,25246,25916,26224,27293
Argentina,"Coal",Total energy supply (PJ),..,..,..,..,..,..,..,..,..,..,..,..,..,..,..,..,..,..,..,39,35,34,32,52,43,39,36,33,31,24,20,23,22,40,41,41,51,54,39,50,64,51,51,61,59,46,48,52,31,36,51
Argentina,"Petrol/NGL",Total energy supply (PJ),..,..,..,..,..,..,..,..,..,..,..,..,..,..,..,..,..,..,..,1066,1095,1151,1126,1125,1076,1112,1209,1249,1304,1214,1206,1200,1251,1317,1253,1381,1418,1434,1251,1282,1219,1258,1249,1273,1263,1204,1179,1132,1169,1049,1175
Argentina,Oil products,Total energy supply (PJ),..,..,..,..,..,..,..,..,..,..,..,..,..,..,..,..,..,..,..,-211,-189,-207,-209,-125,-121,-149,-211,-205,-229,-241,-392,-391,-399,-334,-308,-321,-261,-219,-241,-96,-11,-53,8,-27,-17,5,-18,-43,-83,-67,24
Argentina,Natural gas,Total energy supply (PJ),..,..,..,..,..,..,..,..,..,..,..,..,..,..,..,..,..,..,..,729,754,761,826,873,926,999,1013,1119,1183,1274,1225,1207,1339,1484,1493,1516,1557,1607,1548,1557,1625,1742,1754,1760,1796,1817,1856,1822,1790,1676,1707
Argentina,Nuclear,Total energy supply (PJ),..,..,..,..,..,..,..,..,..,..,..,..,..,..,..,..,..,..,..,79,85,77,85,90,77,81,87,81,78,67,77,64,83,86,75,84,79,80,89,78,70,70,68,60,77,90,67,75,92,117,119
Argentina,Renewables,Total energy supply (PJ),..,..,..,..,..,..,..,..,..,..,..,..,..,..,..,..,..,..,..,130,129,141,162,175,180,166,181,179,163,191,216,207,212,196,214,215,191,194,207,222,229,227,249,251,255,250,278,275,285,263,271
Brazil,"Coal",Total energy supply (PJ),..,..,..,..,..,..,..,..,..,..,..,..,..,..,..,..,..,..,..,405,463,448,461,473,497,512,515,503,511,545,536,519,539,564,544,537,569,575,460,606,647,640,690,734,739,666,703,688,646,584,713
Brazil,"Petrol/NGL",Total energy supply (PJ),..,..,..,..,..,..,..,..,..,..,..,..,..,..,..,..,..,..,..,2568,2520,2589,2616,2681,2698,2939,3099,3345,3447,3504,3627,3576,3567,3772,3784,3830,3921,3966,3988,4011,4082,4248,4536,4682,4432,4099,3936,3843,3843,3966,4013
Brazil,Oil products,Total energy supply (PJ),..,..,..,..,..,..,..,..,..,..,..,..,..,..,..,..,..,..,..,-101,-7,6,68,159,316,353,402,309,267,192,126,73,-86,-181,-134,-112,-38,47,10,379,462,559,497,501,390,465,684,485,541,169,461
Brazil,Natural gas,Total energy supply (PJ),..,..,..,..,..,..,..,..,..,..,..,..,..,..,..,..,..,..,..,143,140,151,165,171,183,205,228,239,269,350,442,548,564,695,740,774,786,938,752,1018,1012,1204,1419,1565,1557,1320,1399,1319,1333,1258,1538
Brazil,Nuclear,Total energy supply (PJ),..,..,..,..,..,..,..,..,..,..,..,..,..,..,..,..,..,..,..,24,16,19,5,1,27,26,35,36,43,66,156,151,146,127,108,150,135,152,141,158,171,175,169,168,161,173,172,171,176,153,160
Brazil,Renewables,Total energy supply (PJ),..,..,..,..,..,..,..,..,..,..,..,..,..,..,..,..,..,..,..,2749,2763,2756,2793,2936,2914,2954,3058,3091,3158,3060,2995,3245,3511,3735,3887,4060,4397,4642,4624,4899,4829,4809,4871,4941,5071,5136,5216,5447,5636,5798,5548
China,"Coal",Total energy supply (PJ),..,..,..,..,..,..,..,..,..,..,..,..,..,..,..,..,..,..,..,22212,20965,21656,23076,24747,27132,27699,26723,27191,27224,27970,29330,31649,37733,43868,50393,55989,61286,62883,67959,74961,81267,83161,84808,85498,83697,80666,81946,84311,86733,88963,94880
China,"Petrol/NGL",Total energy supply (PJ),..,..,..,..,..,..,..,..,..,..,..,..,..,..,..,..,..,..,..,4925,5177,5508,5852,5859,6194,6669,7327,7221,7940,8956,9021,9539,10548,12150,12601,13506,14254,14868,15970,17958,18412,19553,20385,21673,22866,24013,25117,26743,28485,29307,30288
China,Oil products,Total energy supply (PJ),..,..,..,..,..,..,..,..,..,..,..,..,..,..,..,..,..,..,..,49,-138,-27,220,157,341,483,683,565,632,289,440,610,762,1026,706,732,605,316,-202,-40,100,-119,-63,-473,-310,-652,-518,-1014,-1393,-1633,-1914
China,Natural gas,Total energy supply (PJ),..,..,..,..,..,..,..,..,..,..,..,..,..,..,..,..,..,..,..,536,563,553,587,615,628,647,706,731,790,869,978,1032,1161,1367,1624,1983,2476,2861,3143,3742,4605,5169,5883,6435,6640,7150,8172,9573,10391,11101,12521
China,Nuclear,Total energy supply (PJ),..,..,..,..,..,..,..,..,..,..,..,..,..,..,..,..,..,..,..,0,0,0,17,161,140,156,157,154,163,183,191,274,473,551,579,598,678,746,765,806,942,1062,1218,1446,1863,2327,2706,3211,3800,3996,4446
China,Renewables,Total energy supply (PJ),..,..,..,..,..,..,..,..,..,..,..,..,..,..,..,..,..,..,..,8850,8926,9002,9118,9197,9314,9302,9357,9314,9279,9209,9089,9042,8778,8721,8701,8804,8557,8554,8572,8807,8688,9275,9677,10430,10827,11345,12115,12921,13922,14908,16342
Egypt,"Coal",Total energy supply (PJ),..,..,..,..,..,..,..,..,..,..,..,..,..,..,..,..,..,..,..,32,30,31,38,41,27,38,32,31,28,35,30,33,34,35,34,35,32,29,26,24,41,43,18,16,15,50,91,121,88,65,96
Egypt,"Petrol/NGL",Total energy supply (PJ),..,..,..,..,..,..,..,..,..,..,..,..,..,..,..,..,..,..,..,1101,1123,1107,1177,1219,1253,1306,1331,1360,1228,1091,1274,1270,1312,1378,1391,1386,1440,1371,1322,1231,1140,1185,1084,1188,1080,1145,1175,1153,1407,1401,1315
Egypt,Oil products,Total energy supply (PJ),..,..,..,..,..,..,..,..,..,..,..,..,..,..,..,..,..,..,..,-144,-195,-168,-258,-378,-331,-320,-288,-218,-182,-155,-292,-328,-381,-236,-207,-155,-163,-19,137,195,284,328,428,545,550,589,384,210,-71,-10,190
Egypt,Natural gas,Total energy supply (PJ),..,..,..,..,..,..,..,..,..,..,..,..,..,..,..,..,..,..,..,282,311,334,395,410,431,446,457,470,595,604,794,891,977,956,1255,1351,1484,1524,1496,1499,1634,1638,1573,1462,1540,1736,2046,2167,2205,2134,2249
Egypt,Nuclear,Total energy supply (PJ),..,..,..,..,..,..,..,..,..,..,..,..,..,..,..,..,..,..,..,0,0,0,0,0,0,0,0,0,0,0,0,0,0,0,0,0,0,0,0,0,0,0,0,0,0,0,0,0,0,0,0
Egypt,Renewables,Total energy supply (PJ),..,..,..,..,..,..,..,..,..,..,..,..,..,..,..,..,..,..,..,137,139,138,144,149,153,156,159,160,171,168,175,169,171,172,173,176,188,186,182,186,187,187,188,192,194,195,196,204,227,232,230
India,"Coal",Total energy supply (PJ),..,..,..,..,..,..,..,..,..,..,..,..,..,..,..,..,..,..,..,3881,4206,4414,4630,4883,5162,5367,5593,5523,5946,6110,6239,6454,6587,7329,7713,8222,8944,9778,10904,11682,12357,13668,14442,16082,15781,15544,16496,17460,17054,15871,17639
India,"Petrol/NGL",Total energy supply (PJ),..,..,..,..,..,..,..,..,..,..,..,..,..,..,..,..,..,..,..,2365,2421,2515,2592,2665,2813,3001,3077,3264,4032,4730,4917,5114,5487,5764,5831,6418,6861,7314,8464,8806,9169,9756,9869,9905,10404,10865,11127,11346,11256,9884,10545
India,Oil products,Total energy supply (PJ),..,..,..,..,..,..,..,..,..,..,..,..,..,..,..,..,..,..,..,194,215,263,273,378,622,635,766,897,504,-41,-209,-215,-417,-619,-605,-857,-983,-1065,-1796,-2021,-2210,-2338,-2485,-2189,-1761,-1791,-1792,-1489,-1389,-1217,-1191
India,Natural gas,Total energy supply (PJ),..,..,..,..,..,..,..,..,..,..,..,..,..,..,..,..,..,..,..,443,501,559,566,601,726,739,851,891,963,966,972,1054,1083,1188,1332,1400,1493,1507,2079,2278,2302,2048,1860,1841,1889,2009,2136,2194,2323,2202,2306
India,Nuclear,Total energy supply (PJ),..,..,..,..,..,..,..,..,..,..,..,..,..,..,..,..,..,..,..,67,60,73,59,62,87,99,110,130,145,184,212,212,194,186,189,205,185,163,203,287,352,359,373,394,408,414,418,413,507,469,514
India,Renewables,Total energy supply (PJ),..,..,..,..,..,..,..,..,..,..,..,..,..,..,..,..,..,..,..,4779,4862,4894,4974,5122,5133,5243,5342,5431,5492,5543,5621,5637,5749,5908,6098,6295,6483,6548,6643,6881,7055,7147,7448,7618,7769,8139,8572,8983,9173,9393,9717
Indonesia,"Coal",Total energy supply (PJ),..,..,..,..,..,..,..,..,..,..,..,..,..,..,..,..,..,..,..,149,137,159,266,241,265,369,293,290,373,503,602,642,647,855,926,1109,1189,1080,1278,1333,1751,1568,1251,1511,1662,1819,1958,2328,2879,2861,2986
Indonesia,"Petrol/NGL",Total energy supply (PJ),..,..,..,..,..,..,..,..,..,..,..,..,..,..,..,..,..,..,..,1769,1785,1854,2005,1906,2139,2234,2126,2159,2118,2269,2205,2182,2126,2189,2105,2222,2000,2042,2230,2189,2013,2062,2093,2127,2091,2169,2221,2346,2363,2066,1868
Indonesia,Oil products,Total energy supply (PJ),..,..,..,..,..,..,..,..,..,..,..,..,..,..,..,..,..,..,..,-373,-338,-331,-207,-274,-145,-213,38,-92,63,153,138,274,258,525,624,447,583,607,498,632,770,971,1010,1000,892,769,901,980,842,767,982
Indonesia,Natural gas,Total energy supply (PJ),..,..,..,..,..,..,..,..,..,..,..,..,..,..,..,..,..,..,..,662,791,833,866,981,1061,1102,1184,1126,1186,1112,1156,1228,1302,1188,1226,1231,1168,1248,1440,1625,1493,1466,1529,1533,1585,1637,1622,1630,1642,1428,1419
Indonesia,Nuclear,Total energy supply (PJ),..,..,..,..,..,..,..,..,..,..,..,..,..,..,..,..,..,..,..,0,0,0,0,0,0,0,0,0,0,0,0,0,0,0,0,0,0,0,0,0,0,0,0,0,0,0,0,0,0,0,0
Indonesia,Renewables,Total energy supply (PJ),..,..,..,..,..,..,..,..,..,..,..,..,..,..,..,..,..,..,..,1924,1958,2001,2030,2113,2159,2186,2228,2258,2272,2480,2566,2580,2590,2617,2607,2649,2687,2783,2746,2766,2698,2601,2520,2522,2327,2362,2396,2563,2481,2613,2599
Kenya,"Coal",Total energy supply (PJ),..,..,..,..,..,..,..,..,..,..,..,..,..,..,..,..,..,..,..,4,4,4,3,3,4,4,4,3,3,3,3,4,4,5,4,5,5,5,4,7,10,9,13,20,21,20,19,18,15,22,25
Kenya,"Petrol/NGL",Total energy supply (PJ),..,..,..,..,..,..,..,..,..,..,..,..,..,..,..,..,..,..,..,97,91,98,92,87,77,74,69,72,71,85,71,67,63,72,69,69,70,67,68,67,73,42,26,0,0,0,0,0,0,0,0
Kenya,Oil products,Total energy supply (PJ),..,..,..,..,..,..,..,..,..,..,..,..,..,..,..,..,..,..,..,-21,-18,-25,-19,-18,-1,10,11,19,24,24,27,26,16,16,32,46,45,55,80,88,80,97,124,168,183,198,214,212,216,203,222
Kenya,Natural gas,Total energy supply (PJ),..,..,..,..,..,..,..,..,..,..,..,..,..,..,..,..,..,..,..,0,0,0,0,0,0,0,0,0,0,0,0,0,0,0,0,0,0,0,0,0,0,0,0,0,0,0,0,0,0,0,0
Kenya,Nuclear,Total energy supply (PJ),..,..,..,..,..,..,..,..,..,..,..,..,..,..,..,..,..,..,..,0,0,0,0,0,0,0,0,0,0,0,0,0,0,0,0,0,0,0,0,0,0,0,0,0,0,0,0,0,0,0,0
Kenya,Renewables,Total energy supply (PJ),..,..,..,..,..,..,..,..,..,..,..,..,..,..,..,..,..,..,..,369,380,390,402,412,428,440,450,462,470,479,496,507,524,554,567,581,596,610,630,641,668,688,715,766,838,854,872,906,924,936,949
Morocco,"Coal",Total energy supply (PJ),..,..,..,..,..,..,..,..,..,..,..,..,..,..,..,..,..,..,..,47,52,44,46,50,71,85,85,94,91,111,141,144,135,129,132,136,131,123,113,117,127,127,124,169,186,179,186,216,279,280,294
Morocco,"Petrol/NGL",Total energy supply (PJ),..,..,..,..,..,..,..,..,..,..,..,..,..,..,..,..,..,..,..,243,230,264,266,279,264,239,251,259,308,291,298,269,188,264,298,266,262,237,192,261,317,320,301,277,126,0,0,0,0,0,0
Morocco,Oil products,Total energy supply (PJ),..,..,..,..,..,..,..,..,..,..,..,..,..,..,..,..,..,..,..,-19,0,-7,5,12,5,30,29,18,-2,-5,-12,21,107,79,73,109,135,200,257,221,209,205,224,215,371,501,531,516,529,486,538
Morocco,Natural gas,Total energy supply (PJ),..,..,..,..,..,..,..,..,..,..,..,..,..,..,..,..,..,..,..,2,1,1,1,1,0,1,1,1,1,2,2,2,1,2,16,20,23,20,22,24,30,45,43,42,43,43,43,39,37,28,28
Morocco,Nuclear,Total energy supply (PJ),..,..,..,..,..,..,..,..,..,..,..,..,..,..,..,..,..,..,..,0,0,0,0,0,0,0,0,0,0,0,0,0,0,0,0,0,0,0,0,0,0,0,0,0,0,0,0,0,0,0,0
Morocco,Renewables,Total energy supply (PJ),..,..,..,..,..,..,..,..,..,..,..,..,..,..,..,..,..,..,..,46,49,49,48,50,50,56,57,56,53,54,55,56,59,102,94,88,83,77,76,78,71,68,73,70,73,76,76,84,90,87,94
Senegal,"Coal",Total energy supply (PJ),..,..,..,..,..,..,..,..,..,..,..,..,..,..,..,..,..,..,..,0,0,0,0,0,0,0,0,0,0,0,0,0,0,3,4,4,6,6,7,7,10,9,9,12,16,19,14,18,18,15,22
Senegal,"Petrol/NGL",Total energy supply (PJ),..,..,..,..,..,..,..,..,..,..,..,..,..,..,..,..,..,..,..,30,23,27,24,8,30,29,36,37,36,39,41,40,49,50,39,14,31,36,32,31,34,33,37,31,49,52,52,45,44,35,38
Senegal,Oil products,Total energy supply (PJ),..,..,..,..,..,..,..,..,..,..,..,..,..,..,..,..,..,..,..,1,6,7,9,24,4,6,3,6,10,11,17,17,6,9,21,45,31,29,31,40,38,34,34,48,46,42,44,49,66,60,65
Senegal,Natural gas,Total energy supply (PJ),..,..,..,..,..,..,..,..,..,..,..,..,..,..,..,..,..,..,..,0,0,0,1,1,2,2,1,1,0,0,0,0,0,1,1,0,0,0,1,1,1,1,2,1,1,1,1,0,1,1,0
Senegal,Nuclear,Total energy supply (PJ),..,..,..,..,..,..,..,..,..,..,..,..,..,..,..,..,..,..,..,0,0,0,0,0,0,0,0,0,0,0,0,0,0,0,0,0,0,0,0,0,0,0,0,0,0,0,0,0,0,0,0
Senegal,Renewables,Total energy supply (PJ),..,..,..,..,..,..,..,..,..,..,..,..,..,..,..,..,..,..,..,40,40,41,41,41,42,44,45,46,47,49,50,50,49,49,50,52,57,60,86,85,87,89,73,74,68,65,68,69,74,85,86
Singapore,"Coal",Total energy supply (PJ),..,..,..,..,..,..,..,..,..,..,..,..,..,..,..,..,..,..,..,1,1,1,1,1,0,0,0,0,0,0,0,0,0,0,0,0,0,0,0,0,0,1,11,17,17,18,38,20,19,18,19
Singapore,"Petrol/NGL",Total energy supply (PJ),..,..,..,..,..,..,..,..,..,..,..,..,..,..,..,..,..,..,..,1745,1901,1998,2247,2382,2199,2366,2370,2221,1898,1786,1743,1736,1992,2363,2496,2439,2465,2470,2011,1906,1964,2167,2002,2027,2061,2211,2400,2370,2241,1948,1987
Singapore,Oil products,Total energy supply (PJ),..,..,..,..,..,..,..,..,..,..,..,..,..,..,..,..,..,..,..,-1266,-1363,-1404,-1545,-1519,-1472,-1604,-1506,-1454,-1193,-1060,-942,-988,-1123,-1314,-1843,-1737,-1853,-1732,-1196,-1191,-1365,-1448,-1203,-1140,-1113,-1230,-1353,-1427,-1208,-918,-959
Singapore,Natural gas,Total energy supply (PJ),..,..,..,..,..,..,..,..,..,..,..,..,..,..,..,..,..,..,..,0,0,17,50,52,53,52,52,60,48,47,74,121,184,220,210,226,242,248,251,272,275,298,335,352,358,367,369,377,382,386,400
Singapore,Nuclear,Total energy supply (PJ),..,..,..,..,..,..,..,..,..,..,..,..,..,..,..,..,..,..,..,0,0,0,0,0,0,0,0,0,0,0,0,0,0,0,0,0,0,0,0,0,0,0,0,0,0,0,0,0,0,0,0
Singapore,Renewables,Total energy supply (PJ),..,..,..,..,..,..,..,..,..,..,..,..,..,..,..,..,..,..,..,3,8,8,8,8,8,8,8,8,8,8,16,16,17,17,17,16,17,18,18,25,25,25,28,29,29,31,30,29,30,28,28
South Africa,"Coal",Total energy supply (PJ),..,..,..,..,..,..,..,..,..,..,..,..,..,..,..,..,..,..,..,2786,2937,2716,3050,3142,3270,3312,3407,3351,3433,3424,3422,3294,3639,3940,3849,3919,4040,4418,4340,4213,4127,4069,4017,4275,3965,4132,4130,3917,3977,3837,3655
South Africa,"Petrol/NGL",Total energy supply (PJ),..,..,..,..,..,..,..,..,..,..,..,..,..,..,..,..,..,..,..,474,414,464,491,577,679,682,886,795,717,829,740,760,862,797,834,734,780,851,1002,745,866,771,771,846,818,895,726,826,762,575,484
South Africa,Oil products,Total energy supply (PJ),..,..,..,..,..,..,..,..,..,..,..,..,..,..,..,..,..,..,..,-94,-101,-116,-221,-250,-279,-261,-488,-260,-341,-379,-385,-493,-367,-251,-340,-186,52,-8,19,-6,61,-1,-10,-10,16,-49,86,66,54,216,459
South Africa,Natural gas,Total energy supply (PJ),..,..,..,..,..,..,..,..,..,..,..,..,..,..,..,..,..,..,..,63,64,64,72,72,72,65,58,49,64,59,76,75,45,116,116,112,144,149,129,162,161,169,172,164,180,178,172,178,180,176,153
South Africa,Nuclear,Total energy supply (PJ),..,..,..,..,..,..,..,..,..,..,..,..,..,..,..,..,..,..,..,92,100,101,79,106,123,128,138,148,140,142,117,131,138,146,123,109,123,142,140,132,147,130,154,150,133,164,155,126,145,108,135
South Africa,Renewables,Total energy supply (PJ),..,..,..,..,..,..,..,..,..,..,..,..,..,..,..,..,..,..,..,440,452,455,461,473,481,492,502,510,502,457,432,418,388,389,349,338,321,369,364,329,315,297,286,274,272,278,302,294,305,323,328
Thailand,"Coal",Total energy supply (PJ),..,..,..,..,..,..,..,..,..,..,..,..,..,..,..,..,..,..,..,160,190,203,220,248,288,360,361,293,309,321,370,385,404,448,482,523,589,645,625,685,685,690,722,664,706,646,687,664,686,716,660
Thailand,"Petrol/NGL",Total energy supply (PJ),..,..,..,..,..,..,..,..,..,..,..,..,..,..,..,..,..,..,..,531,551,679,800,989,1091,1463,1667,1564,1682,1669,1711,1891,2052,2231,2205,2271,2277,2288,2382,2455,2479,2630,2815,2700,2904,2894,2973,2976,2717,2647,2610
Thailand,Oil products,Total energy supply (PJ),..,..,..,..,..,..,..,..,..,..,..,..,..,..,..,..,..,..,..,230,247,206,215,208,236,18,-211,-241,-274,-319,-387,-355,-355,-375,-357,-441,-472,-589,-612,-573,-505,-556,-536,-428,-639,-525,-583,-657,-380,-329,-286
Thailand,Natural gas,Total energy supply (PJ),..,..,..,..,..,..,..,..,..,..,..,..,..,..,..,..,..,..,..,209,259,277,311,346,365,428,524,572,623,727,849,917,974,1021,1086,1118,1186,1297,1211,1380,1290,1474,1585,1584,1581,1547,1508,1487,1504,1392,1404
Thailand,Nuclear,Total energy supply (PJ),..,..,..,..,..,..,..,..,..,..,..,..,..,..,..,..,..,..,..,0,0,0,0,0,0,0,0,0,0,0,0,0,0,0,0,0,0,0,0,0,0,0,0,0,0,0,0,0,0,0,0
Thailand,Renewables,Total energy supply (PJ),..,..,..,..,..,..,..,..,..,..,..,..,..,..,..,..,..,..,..,643,674,682,613,595,621,640,623,588,622,633,576,613,663,713,740,764,818,874,893,967,944,1018,1058,1103,1082,1209,1139,1127,1199,1010,931
Ukraine,"Coal",Total energy supply (PJ),..,..,..,..,..,..,..,..,..,..,..,..,..,..,..,..,..,..,..,3477,3087,3038,2706,2160,2135,1607,1568,1606,1589,1614,1571,1581,1625,1544,1561,1679,1788,1750,1495,1597,1737,1781,1743,1490,1261,1244,1078,1175,1092,957,873
Ukraine,"Petrol/NGL",Total energy supply (PJ),..,..,..,..,..,..,..,..,..,..,..,..,..,..,..,..,..,..,..,2455,2284,1636,1007,841,732,565,551,576,493,397,721,950,1066,1086,829,648,625,467,477,481,381,212,167,127,119,117,140,152,159,176,191
Ukraine,Oil products,Total energy supply (PJ),..,..,..,..,..,..,..,..,..,..,..,..,..,..,..,..,..,..,..,-7,469,85,200,144,315,86,200,122,35,103,-160,-313,-371,-354,-227,-43,12,134,105,70,141,274,248,318,320,349,389,403,406,416,436
Ukraine,Natural gas,Total energy supply (PJ),..,..,..,..,..,..,..,..,..,..,..,..,..,..,..,..,..,..,..,3846,3904,3607,3368,2994,2867,3119,2777,2491,2702,2607,2608,2575,2661,2683,2749,2363,2328,2211,1709,2313,1962,1802,1652,1400,1092,1072,1028,1078,979,998,1001
Ukraine,Nuclear,Total energy supply (PJ),..,..,..,..,..,..,..,..,..,..,..,..,..,..,..,..,..,..,..,831,820,805,821,751,769,868,867,821,786,844,831,851,888,949,968,984,1016,986,911,979,991,990,915,971,962,889,940,927,912,837,947
Ukraine,Renewables,Total energy supply (PJ),..,..,..,..,..,..,..,..,..,..,..,..,..,..,..,..,..,..,..,53,56,41,51,55,47,42,46,68,63,52,54,46,44,53,56,81,100,112,108,114,110,111,133,117,113,151,164,180,181,238,249
Non-OECD Total,"Coal",Total energy supply (PJ),25827,26656,27205,27539,29796,30053,31906,33416,34292,34129,34429,35836,36872,38635,39501,41085,42966,44782,44629,47658,45922,45412,46232,47000,49411,49817,48400,48524,49228,50914,52563,55335,62409,70077,77156,84131,90666,93840,98479,107480,115450,118666,120417,123199,121155,118528,121860,126385,129676,129927,138205
Non-OECD Total,"Petrol/NGL",Total energy supply (PJ),34363,36048,39565,40920,40178,42936,45248,47325,48853,50267,50006,51143,51378,52452,52756,54457,56912,58671,59797,58176,57345,55977,55821,55900,57151,59620,61285,60660,63148,65293,66981,68704,70790,74936,77204,78759,80291,82339,84256,87202,89178,91499,92540,95688,97172,99500,101017,102911,103087,97527,101167
Non-OECD Total,Oil products,Total energy supply (PJ),-11055,-10938,-11957,-11392,-9190,-9744,-10148,-9606,-9536,-9554,-9321,-9651,-9846,-11035,-10571,-11625,-12322,-12713,-12972,-10289,-8906,-8996,-9038,-10330,-9862,-11227,-10753,-10113,-10854,-11688,-11924,-12055,-12529,-13236,-14371,-13453,-12836,-12392,-12604,-11436,-11643,-11102,-10716,-10392,-10771,-10829,-10410,-11763,-9988,-8919,-8467
Non-OECD Total,Natural gas,Total energy supply (PJ),9879,10463,11252,12064,13092,14383,15576,16594,17917,18868,19963,21576,23027,25219,27023,28789,30526,32378,33597,33877,34578,34174,34120,33203,33324,34237,34611,35003,36446,37523,38782,40325,42922,45250,47387,49426,51744,54067,53156,58704,60802,62026,63450,64308,64450,66596,69302,73479,75115,75022,80428
Non-OECD Total,Nuclear,Total energy supply (PJ),81,114,160,327,508,568,582,660,753,966,1156,1301,1572,2071,2443,2357,2726,3041,2978,2926,2940,2898,2914,2806,2905,3218,3261,3198,3370,3649,3800,3999,4285,4367,4443,4615,4725,4848,4852,5122,5425,5568,5659,6079,6557,7032,7447,7985,8801,8913,9774
Non-OECD Total,Renewables,Total energy supply (PJ),22590,23065,23564,24165,24730,25207,25780,26256,26843,27536,28139,28718,29245,30159,30804,31353,32052,32688,33337,34182,34684,35112,35498,36202,36751,37198,37887,38240,38907,39164,39431,40039,40570,41672,42486,43511,44178,45032,45588,46907,47277,48649,49999,51254,51894,53658,55302,57479,59283,61194,63466
Africa,"Coal",Total energy supply (PJ),1506,1503,1587,1664,1730,1821,1833,1934,2029,2164,2426,2745,2817,3025,3053,3210,3373,3417,3219,3110,3274,3040,3367,3452,3583,3629,3706,3676,3764,3785,3809,3690,4003,4302,4231,4307,4431,4798,4688,4572,4516,4490,4425,4768,4480,4671,4728,4609,4684,4472,4385
Africa,"Petrol/NGL",Total energy supply (PJ),1557,1687,2002,1998,2129,2185,2305,2450,2568,3154,3169,3666,3533,3839,4085,4154,4411,4539,4491,4793,4784,4886,4860,4872,5115,5349,5623,5348,5486,5293,5712,5678,5548,5561,5823,5561,5661,5752,5723,5707,5441,5123,5114,5454,5064,5064,4917,4929,5173,4572,4643
Africa,Oil products,Total energy supply (PJ),-109,-95,-288,-204,-206,-96,-19,-25,-140,-454,-552,-738,-583,-768,-885,-973,-1080,-1215,-1153,-1238,-1235,-1184,-1282,-1374,-1419,-1462,-1636,-1103,-1284,-1088,-1424,-1382,-1044,-722,-773,-331,-115,178,681,1052,1752,1852,2126,2459,2631,2766,2742,2512,2841,2879,3535
Africa,Natural gas,Total energy supply (PJ),98,118,144,160,176,187,223,304,462,493,583,665,757,749,843,973,998,1058,1161,1237,1317,1376,1491,1503,1565,1597,1678,1725,1898,1977,2187,2319,2587,2720,3093,3233,3500,3545,3529,3692,3964,4348,4380,4455,4774,5123,5576,5815,5798,5429,5900
Africa,Nuclear,Total energy supply (PJ),0,0,0,0,0,0,0,0,0,0,0,0,0,43,58,96,67,114,121,92,100,101,79,106,123,128,138,148,140,142,117,131,138,146,123,109,123,142,140,132,147,130,154,150,133,164,155,126,145,108,135
Africa,Renewables,Total energy supply (PJ),5027,5167,5282,5421,5580,5709,5861,5994,6145,6309,6495,6667,6816,7013,7209,7423,7624,7849,8089,8352,8562,8742,8937,9245,9563,9814,10076,10205,10508,10560,10835,11120,11365,11804,12078,12385,12614,12939,13277,13505,13927,14477,14794,14992,15268,15541,15783,16045,16424,16795,17110
Non-OECD Americas,"Coal",Total energy supply (PJ),144,146,149,165,191,191,223,277,292,311,304,323,348,403,484,489,521,522,530,479,521,504,521,550,564,576,577,605,571,620,606,609,633,689,660,661,714,718,584,743,803,792,859,915,930,838,862,858,828,770,917
Non-OECD Americas,"Petrol/NGL",Total energy supply (PJ),9058,8937,10050,9737,8196,8598,8859,8932,9040,9038,8508,8381,8057,7979,7347,7416,7417,7788,7783,7766,8012,8360,8276,8701,8526,9123,9323,9841,10324,10463,10448,10264,9853,10629,10769,10643,10971,10960,10645,10182,10787,10179,10535,10407,9968,9219,8573,7918,7298,6773,6977
Non-OECD Americas,Oil products,Total energy supply (PJ),-5079,-4775,-5465,-4838,-3245,-3384,-3380,-3187,-3089,-2994,-2693,-2639,-2399,-2535,-1974,-1744,-1595,-1910,-1943,-1800,-1970,-1957,-2001,-1849,-1535,-1721,-1569,-1745,-1747,-2102,-2253,-1986,-1775,-2413,-2210,-1877,-1826,-1649,-1619,-55,-624,235,381,425,489,768,1304,1275,1996,1517,2076
Non-OECD Americas,Natural gas,Total energy supply (PJ),603,660,742,781,778,835,898,910,988,1054,1064,1170,1250,1383,1407,1481,1516,1630,1760,1816,1858,1881,1987,2098,2226,2472,2547,2735,2764,2996,3047,3376,3520,3836,3879,4078,4219,4398,4180,4663,4771,5152,5364,5574,5560,5343,5371,5197,5099,4550,5020
Non-OECD Americas,Nuclear,Total energy supply (PJ),0,0,0,11,27,28,18,32,29,26,31,20,37,69,100,64,81,70,75,104,100,96,89,90,105,108,121,117,121,133,233,214,228,213,182,234,213,232,230,237,240,245,236,228,238,263,238,246,268,270,279
Non-OECD Americas,Renewables,Total energy supply (PJ),2607,2665,2717,2803,2858,2900,2999,3070,3224,3368,3408,3515,3729,4035,4130,4188,4366,4364,4443,4334,4356,4342,4343,4536,4517,4604,4773,4842,4916,4854,4798,5068,5354,5607,5795,5997,6371,6666,6671,6976,6966,7002,7108,7128,7346,7464,7602,7862,7993,8170,7982
Non-OECD Asia (including China),"Coal",Total energy supply (PJ),10308,10721,10879,11003,12639,12862,14381,15737,16317,16442,16672,17710,18840,20650,21367,22413,23866,25489,26100,28744,27906,28773,30519,32335,35094,35994,35281,35654,36270,37704,39508,42261,48734,56073,63341,69830,76149,78609,84978,93242,100682,103677,105899,108758,107021,104311,107602,111850,114994,116192,123853
Non-OECD Asia (including China),"Petrol/NGL",Total energy supply (PJ),4973,5552,6166,6511,6705,7615,8443,8994,9224,9416,9534,9586,9919,10189,10514,11330,11956,12371,13036,13703,14339,15110,16243,16628,17858,19354,20302,20108,21396,23424,23831,24667,26773,29543,30328,31833,32860,33769,35846,38079,38761,41260,42040,43363,45162,47235,48885,51033,52292,50798,52282
Non-OECD Asia (including China),Oil products,Total energy supply (PJ),-285,-399,-385,-348,-139,-296,-516,-289,-266,-325,-565,-505,-564,-854,-667,-971,-1042,-563,-556,-314,-519,-175,106,284,642,392,991,1093,1250,282,294,618,122,184,-673,-953,-856,-1105,-1840,-1395,-1393,-1974,-1337,-928,-513,-772,-594,-1177,-996,-871,-823
Non-OECD Asia (including China),Natural gas,Total energy supply (PJ),334,388,467,577,648,757,954,1150,1228,1240,1246,1324,1471,1682,1805,2063,2221,2383,2657,2891,3379,3591,3790,4068,4447,4777,5331,5492,5936,6310,6659,7170,7865,8508,9337,10040,10862,11689,12474,13826,14561,15169,16170,16904,17238,18044,19053,21014,22007,22362,24341
Non-OECD Asia (including China),Nuclear,Total energy supply (PJ),14,13,29,29,35,42,30,62,102,122,151,167,247,316,372,353,422,401,359,429,449,449,457,609,618,671,667,689,727,809,815,936,1110,1197,1231,1263,1339,1372,1453,1584,1811,1912,2101,2365,2719,3162,3477,4034,4778,4910,5430
Non-OECD Asia (including China),Renewables,Total energy supply (PJ),13395,13702,14065,14376,14751,15031,15306,15515,15790,16110,16451,16770,16961,17223,17518,17836,18100,18514,18960,19796,20042,20264,20429,20774,20996,21167,21424,21587,21796,22105,22135,22200,22195,22439,22700,23184,23278,23594,23727,24366,24424,25166,25956,27030,27171,28366,29655,31126,32324,33526,35519
Non-OECD Europe and Eurasia,"Coal",Total energy supply (PJ),13859,14270,14563,14679,15185,15129,15418,15435,15606,15161,14985,15002,14813,14516,14557,14933,15166,15314,14751,15295,14179,13057,11775,10614,10123,9567,8785,8529,8562,8739,8580,8711,8970,8944,8842,9247,9288,9627,8160,8824,9358,9581,9092,8607,8587,8567,8509,8919,9023,8325,8868
Non-OECD Europe and Eurasia,"Petrol/NGL",Total energy supply (PJ),14372,15493,16696,17893,18538,19434,20198,21487,21954,22653,22620,22672,22776,22647,22409,22737,23510,23625,23361,21823,20544,16364,14434,12242,11925,11597,11255,10767,10619,10980,11544,12340,12665,13052,13483,14047,14233,14410,14253,14610,15097,15424,15798,16332,15969,16021,16183,16262,16177,15139,15819
Non-OECD Europe and Eurasia,Oil products,Total energy supply (PJ),-2427,-2512,-2639,-2897,-2783,-2942,-3097,-3242,-3055,-3209,-3349,-3556,-3859,-3835,-3695,-4028,-4281,-4423,-4313,-2598,-1678,-1397,-1315,-1925,-1887,-2329,-2344,-2174,-2374,-2632,-3048,-3794,-3834,-4146,-4726,-4753,-4921,-4835,-5107,-5549,-5477,-5517,-6406,-6933,-6815,-6079,-6232,-6336,-6254,-5479,-5321
Non-OECD Europe and Eurasia,Natural gas,Total energy supply (PJ),8386,8791,9297,9930,10808,11844,12655,13339,14094,14857,15608,16859,17979,19592,21051,21974,23257,24501,24799,24936,24872,23860,22975,21166,20477,20631,19894,19561,19987,20152,20384,20412,21451,21942,22183,22400,22668,23002,21198,23693,24105,23256,23042,22179,20751,21247,21904,24327,23878,23537,25582
Non-OECD Europe and Eurasia,Nuclear,Total energy supply (PJ),67,100,131,287,446,498,534,567,622,819,974,1114,1287,1643,1913,1844,2156,2456,2423,2301,2291,2252,2288,2001,2060,2310,2335,2244,2383,2565,2635,2717,2808,2812,2906,3009,3049,3102,3028,3169,3223,3261,3118,3287,3435,3371,3494,3497,3536,3546,3786
Non-OECD Europe and Eurasia,Renewables,Total energy supply (PJ),1534,1502,1473,1531,1507,1528,1572,1627,1636,1698,1731,1711,1686,1833,1892,1846,1891,1891,1778,1636,1662,1691,1715,1581,1610,1548,1551,1544,1634,1595,1608,1589,1579,1743,1772,1797,1771,1743,1821,1949,1847,1883,2009,1984,1994,2154,2133,2305,2373,2521,2666
Middle East,"Coal",Total energy supply (PJ),10,15,25,28,51,50,51,33,48,50,42,57,53,41,41,40,39,40,30,30,43,37,49,49,48,51,52,60,62,67,59,63,69,69,82,86,84,89,69,101,91,126,142,150,137,141,160,149,147,167,183
Middle East,"Petrol/NGL",Total energy supply (PJ),4403,4378,4650,4781,4609,5105,5443,5461,6066,6005,6174,6838,7094,7799,8401,8821,9618,10348,11127,10090,9665,11256,12008,13457,13727,14198,14782,14595,15322,15133,15447,15756,15951,16152,16801,16675,16567,17448,17789,18624,19092,19512,19052,20133,21009,21960,22460,22769,22146,20245,21447
Middle East,Oil products,Total energy supply (PJ),-3156,-3157,-3181,-3105,-2817,-3026,-3136,-2864,-2987,-2573,-2163,-2213,-2441,-3042,-3349,-3909,-4324,-4603,-5007,-4339,-3504,-4283,-4547,-5466,-5664,-6107,-6195,-6184,-6699,-6147,-5493,-5511,-5997,-6138,-5990,-5538,-5118,-4981,-4719,-5489,-5901,-5698,-5480,-5416,-6563,-7512,-7630,-8037,-7576,-6965,-7934
Middle East,Natural gas,Total energy supply (PJ),459,506,602,617,681,760,845,891,1144,1224,1463,1558,1571,1812,1917,2298,2534,2806,3220,2998,3152,3466,3877,4367,4609,4761,5162,5491,5860,6088,6506,7048,7500,8245,8895,9675,10496,11433,11774,12830,13400,14101,14494,15196,16127,16838,17398,17126,18333,19144,19585
Middle East,Nuclear,Total energy supply (PJ),0,0,0,0,0,0,0,0,0,0,0,0,0,0,0,0,0,0,0,0,0,0,0,0,0,0,0,0,0,0,0,0,0,0,0,0,0,0,0,0,4,20,50,49,32,72,82,81,74,80,144
Middle East,Renewables,Total energy supply (PJ),27,30,28,33,35,38,42,50,49,49,53,54,53,54,55,61,70,68,67,64,62,73,74,66,65,66,63,62,53,50,55,62,76,79,140,147,145,88,93,111,114,121,132,120,114,133,129,141,169,182,190
IEA Total,"Coal",Total energy supply (PJ),34215,33788,35306,35206,34288,36668,36794,37332,39331,40377,40876,40503,41113,42234,44299,43326,44728,45572,45554,44962,44211,43053,42570,42590,42520,43595,44226,43756,43483,45537,45316,45879,46585,47735,47585,48131,48649,47275,42733,45127,44154,42194,42515,41731,39051,37017,36522,35334,31545,26894,29343
IEA Total,"Petrol/NGL",Total energy supply (PJ),68937,73349,79535,77015,75522,80694,84303,84747,86947,80852,74820,70948,69257,70741,69359,72406,72629,75159,76473,78346,79177,81271,83323,84833,85135,87425,90258,90775,89307,90393,90243,89301,91435,93460,93172,93081,92377,90801,86164,86485,86245,86679,85413,86203,88425,87953,89537,89065,88108,77888,81083
IEA Total,Oil products,Total energy supply (PJ),2092,3129,2284,1760,1164,1459,625,2222,-121,45,721,1552,1766,1642,2129,1018,1970,1751,1508,-512,-1411,-1818,-2845,-2671,-2216,-2316,-3975,-4278,-1820,-2911,-2210,-1646,-2031,-2778,-2481,-3538,-4335,-5880,-5310,-5274,-6716,-7754,-7455,-8994,-10270,-9952,-10763,-10862,-10521,-7908,-6816
IEA Total,Natural gas,Total energy supply (PJ),27428,28880,29557,29845,28653,29827,29648,30683,32355,32550,31837,30412,29912,31513,31816,30969,32559,33413,34841,35405,37104,37594,38992,39891,41914,43681,44084,44338,46469,48522,47787,48930,49781,49961,50581,50938,53112,53505,52227,54935,54947,56108,56987,56079,57131,59249,59876,62241,64343,62943,64432
IEA Total,Nuclear,Total energy supply (PJ),1131,1550,2060,2650,3666,4210,5237,6143,6304,6792,7998,8594,9670,11571,13767,15057,16175,17493,18096,19026,20020,20259,20966,21629,22502,23123,22811,23441,24206,24580,24939,24989,24430,25465,25709,25799,24906,24927,24523,24908,22704,21235,21355,21538,21444,21387,21268,21533,21601,20240,20824
IEA Total,Renewables,Total energy supply (PJ),6723,7013,7121,7556,7493,7609,7781,8314,8729,8854,8999,9316,9823,10295,10390,10562,10909,10974,11109,11451,11802,12180,12374,12325,12830,13207,13214,13254,13376,13599,12896,13141,13667,14201,14814,15360,15935,16614,16905,18175,18688,19568,20640,20981,21476,22080,22905,23883,24529,24857,25857
IEA and Accession/Association countries,"Coal",Total energy supply (PJ),..,..,..,..,..,..,..,..,..,..,..,..,..,..,..,..,..,..,..,78520,76675,76185,77503,79048,81852,83468,83382,83231,83537,86718,88106,91150,98506,107041,113813,120914,127863,129259,130570,141057,147685,148762,151192,153032,147955,142826,144608,146979,145807,141775,151808
IEA and Accession/Association countries,"Petrol/NGL",Total energy supply (PJ),..,..,..,..,..,..,..,..,..,..,..,..,..,..,..,..,..,..,..,98903,100019,102499,105010,106894,107830,111607,115798,116496,116143,118833,119416,119429,123624,128510,128501,129967,130438,129936,127238,129456,129969,132385,132331,134525,138098,139233,142269,143751,144378,132561,137382
IEA and Accession/Association countries,Oil products,Total energy supply (PJ),..,..,..,..,..,..,..,..,..,..,..,..,..,..,..,..,..,..,..,-2267,-2853,-3601,-4386,-4199,-2741,-3249,-4559,-4864,-2598,-4475,-4429,-3871,-4589,-5005,-5222,-6175,-6605,-8088,-8225,-7512,-8570,-9558,-9028,-10255,-11084,-11046,-11698,-12554,-12364,-9717,-7675
IEA and Accession/Association countries,Natural gas,Total energy supply (PJ),..,..,..,..,..,..,..,..,..,..,..,..,..,..,..,..,..,..,..,42610,44673,45016,46433,47237,49471,51735,52268,52484,55304,57631,57506,59123,60632,61516,63079,63687,66565,67660,66632,71585,72070,73814,75630,75071,76279,79042,81169,85089,88141,86809,90243
IEA and Accession/Association countries,Nuclear,Total energy supply (PJ),..,..,..,..,..,..,..,..,..,..,..,..,..,..,..,..,..,..,..,20120,21100,21335,22032,22799,23727,24483,24205,24811,25561,26066,26523,26671,26351,27509,27751,27930,27122,27197,26772,27348,25377,24021,24250,24727,25049,25444,25726,26456,27233,25920,27144
IEA and Accession/Association countries,Renewables,Total energy supply (PJ),..,..,..,..,..,..,..,..,..,..,..,..,..,..,..,..,..,..,..,32166,32818,33361,33822,34283,35015,35598,35864,36022,36276,36580,35845,36355,37059,38076,39037,40190,41134,42379,42794,44891,45375,47015,48987,50294,51315,53117,55333,57965,60070,61757,64283
World,"Coal",Total energy supply (PJ),60171,60567,62638,62886,64214,66864,68849,70866,73744,74632,75434,76478,78158,81084,84017,84677,87969,90647,90512,93054,90552,88913,89268,90065,92428,93951,93227,92899,93283,97032,98469,101825,109613,118427,125355,132914,139969,141823,141865,153318,160377,161673,163772,165729,161035,156355,159125,162429,162015,157524,168145
World,"Petrol/NGL",Total energy supply (PJ),104124,110267,120064,118843,116570,124510,130441,132981,136671,132007,125703,122989,121545,124118,123002,127846,130611,134919,137416,137756,137790,138634,140586,142216,143792,148596,153138,153046,154029,157276,158833,159560,163873,170036,171990,173568,174357,174890,172121,175254,177003,179645,179535,183358,187055,189069,192239,193729,193018,177035,184034
World,Oil products,Total energy supply (PJ),-2081,-603,-2073,-2482,-1223,-1348,-2359,-87,-2080,-2005,-1445,-1305,-1563,-2731,-1388,-2991,-2616,-2748,-3087,-2213,-1674,-1708,-2863,-3587,-2288,-3441,-4289,-3623,-1387,-3024,-3035,-2067,-2892,-3203,-3389,-2814,-2117,-3081,-3492,-1314,-2711,-3598,-2916,-3570,-4428,-3621,-3383,-4512,-2465,-4155,-1808
World,Natural gas,Total energy supply (PJ),37385,39431,40892,41995,41826,44294,45315,47388,50399,51555,51946,52139,53103,56897,59008,59920,63253,65964,68633,69604,71993,72058,73372,73348,75511,78198,79061,79770,83362,86572,87148,89833,93299,95882,98659,101057,105458,108153,106044,114452,116512,118814,121301,121268,122498,126794,130153,136739,140530,139090,145989
World,Nuclear,Total energy supply (PJ),1212,1663,2221,2977,4174,4778,5820,6803,7057,7758,9154,9895,11242,13642,16209,17414,18900,20533,21074,22002,23015,23201,23923,24485,25460,26392,26127,26694,27628,28280,28797,29049,28771,29892,30216,30475,29693,29843,29437,30091,28197,26863,27071,27687,28063,28482,28783,29581,30466,29223,30660
World,Renewables,Total energy supply (PJ),29630,30375,30970,32011,32559,33160,33917,34947,35968,36801,37558,38471,39521,40929,41695,42440,43507,44224,45017,46305,47181,47997,48600,49289,50363,51202,51828,52225,53037,53551,53125,54001,55070,56746,58200,59844,61114,62712,63576,66147,67107,69484,72053,73547,74661,77031,79563,82732,85209,87443,90771
